type,elems,lat,lon,alt,kjName,knName,enName,amdno,pref
C,11112010,45.52,141.935,26,宗谷岬,ソウヤミサキ,Cape Soya,11001,北海道
A,11111111,45.415,141.67833333333334,3,稚内,ワッカナイ,Wakkanai,11016,北海道
C,11112010,45.305,141.045,65,礼文,レブン,Rebun,11046,北海道
C,11110100,45.403333333333336,141.80166666666668,8,声問,コエトイ：稚内空港,Koetoi,11061,北海道
C,11112100,45.335,142.17,13,浜鬼志別,ハマオニシベツ,Hamaoni-Shibetsu,11076,北海道
C,11110000,45.24166666666667,141.18666666666667,30,本泊,モトドマリ：利尻空港,Motodomari,11091,北海道
C,11112100,45.248333333333335,141.85166666666666,23,沼川,ヌマカワ,Numakawa,11121,北海道
C,11112010,45.178333333333335,141.13833333333332,14,沓形,クツガタ,Kutsugata,11151,北海道
C,11112100,45.10166666666667,141.78,14,豊富,トヨトミ,Toyotomi,11176,北海道
C,11112000,45.125,142.35,18,浜頓別,ハマトンベツ,Hamatonbetsu,11206,北海道
C,11112100,44.965,142.28,25,中頓別,ナカトンベツ,Nakatonbetsu,11276,北海道
B,11111111,44.94,142.585,7,北見枝幸,キタミエサシ,Kitami-Esashi,11291,北海道
C,11112100,44.84166666666667,142.48,14,歌登,ウタノボリ,Utanobori,11316,北海道
C,11112000,44.82833333333333,142.07666666666665,22,中川,ナカガワ,Nakagawa,12011,北海道
C,11112100,44.72666666666667,142.265,40,音威子府,オトイネップ,Otoineppu,12041,北海道
C,01000000,44.608333333333334,142.295,60,小車,オグルマ,Oguruma,12066,
C,11112100,44.48,142.34166666666667,77,美深,ビフカ,Bifuka,12141,北海道
C,11112110,44.37,142.45666666666668,89,名寄,ナヨロ,Nayoro,12181,北海道
C,01000000,44.295,142.35833333333332,128,西風連,ニシフウレン,Nishi-Furen,12217,
C,11112100,44.295,142.63666666666666,143,下川,シモカワ,Shimokawa,12231,北海道
C,01000000,44.10666666666667,142.35333333333332,138,剣淵,ケンブチ,Kenbuchi,12256,
C,11112000,44.18666666666667,142.41666666666666,135,士別,シベツ,Shibetsu,12261,北海道
C,11112000,44.11833333333333,142.595,225,朝日,アサヒ,Asahi,12266,北海道
C,11112100,44.028333333333336,142.41,150,和寒,ワッサム,Wassamu,12301,北海道
C,11112000,43.87,142.26,140,江丹別,エタンベツ,Etanbetsu,12386,北海道
C,11112000,43.87,142.47,164,比布,ピップ,Pippu,12396,北海道
C,11112100,43.846666666666664,142.75333333333333,324,上川,カミカワ,Kamikawa,12411,北海道
A,11111111,43.75666666666667,142.37166666666667,120,旭川,アサヒカワ,Asahikawa,12442,北海道
C,11112000,43.70166666666667,142.50833333333333,215,東川,ヒガシカワ,Higashikawa,12451,北海道
C,01000000,43.736666666666665,142.63833333333332,289,瑞穂,ミズホ,Mizuho,12457,
C,01000100,43.75333333333333,142.93,540,層雲峡,ソウウンキョウ,Sounkyo,12471,
C,11110100,43.67,142.44666666666666,211,東神楽,ヒガシカグラ：旭川空港,Higashi-Kagura,12501,北海道
C,11112000,43.64333333333333,142.58166666666668,310,志比内,シビナイ,Shibinai,12512,北海道
C,11112100,43.58833333333333,142.49333333333334,250,美瑛,ビエイ,Biei,12551,北海道
C,11112000,43.455,142.465,220,上富良野,カミフラノ,Kami-Furano,12596,北海道
C,01000000,43.475,142.65,658,白金,シロガネ,Shirogane,12607,
C,11112110,43.333333333333336,142.4,174,富良野,フラノ,Furano,12626,北海道
C,11112000,43.30166666666667,142.52166666666668,315,麓郷,ロクゴウ,Rokugo,12632,北海道
C,01000000,43.138333333333335,142.41666666666666,284,金山,カナヤマ,Kanayama,12686,
C,11112110,43.16833333333334,142.56833333333333,350,幾寅,イクトラ,Ikutora,12691,北海道
C,11112100,42.97833333333333,142.395,332,占冠,シムカップ,Shimukappu,12746,北海道
C,01000000,45.00666666666667,141.85166666666666,5,幌延,ホロノベ,Horonobe,13011,
C,11112100,44.89333333333333,141.76166666666666,9,天塩,テシオ,Teshio,13061,北海道
C,11112000,44.718333333333334,141.80666666666667,7,遠別,エンベツ,Enbetsu,13086,北海道
C,11112100,44.52333333333333,141.77,27,初山別,ショサンベツ,Shosanbetsu,13121,北海道
C,11112000,44.428333333333335,141.42166666666665,38,焼尻,ヤギシリ,Yagishiri,13146,北海道
B,11111111,44.36333333333334,141.7,8,羽幌,ハボロ,Haboro,13181,北海道
C,01000100,44.265,141.72166666666666,15,古丹別,コタンベツ,Kotanbetsu,13206,
C,11112000,44.04833333333333,141.85666666666665,30,達布,タップ,Tappu,13261,北海道
B,11111111,43.945,141.63166666666666,24,留萌,ルモイ,Rumoi,13277,北海道
C,11112000,43.848333333333336,141.51,20,増毛,マシケ,Mashike,13311,北海道
C,11112100,43.85333333333333,141.76,20,幌糠,ホロヌカ,Horonuka,13321,北海道
C,11112000,43.58166666666666,141.38666666666666,3,浜益,ハママス,Hamamasu,14026,北海道
C,11112100,43.39666666666667,141.43666666666667,5,厚田,アツタ,Atsuta,14071,北海道
C,11112100,43.22,141.645,9,新篠津,シンシノツ,Shinshinotsu,14101,北海道
C,11112000,43.14833333333333,141.22166666666666,5,山口,ヤマグチ,Yamaguchi,14116,北海道
C,11112110,43.193333333333335,141.37,5,石狩,イシカリ,Ishikari,14121,北海道
C,11112000,43.11,141.60166666666666,8,江別,エベツ,Ebetsu,14136,北海道
C,01000000,43.083333333333336,141.20166666666665,568,手稲山,テイネヤマ,Mt.Teine,14157,
A,11111111,43.06,141.32833333333335,17,札幌,サッポロ,Sapporo,14163,北海道
C,01000100,42.96333333333333,141.21666666666667,230,小金湯,コガネユ,Koganeyu,14191,
C,11112100,42.92666666666667,141.565,30,恵庭島松,エニワシママツ,Eniwa-Shimamatsu,14206,北海道
C,11112000,42.77166666666667,141.40666666666667,290,支笏湖畔,シコツコハン,Lake-shore Shikotsu,14286,北海道
C,11110100,42.775,141.69166666666666,22,千歳,チトセ：新千歳空港,Chitose,14296,北海道
C,11112100,44.281666666666666,142.16166666666666,255,朱鞠内,シュマリナイ,Shumarinai,15041,北海道
C,11112100,44.01,142.16,159,幌加内,ホロカナイ,Horokanai,15076,北海道
C,11112100,43.815,141.92666666666668,63,石狩沼田,イシカリヌマタ,Ishikari-Numata,15116,北海道
G,11112110,43.78,141.96166666666667,51,秩父別,チップベツ,Chippubetsu,15156,北海道
C,11112100,43.718333333333334,142.07333333333332,55,深川,フカガワ,Fukagawa,15161,北海道
C,01000000,43.66,141.89166666666668,42,雨竜,ウリュウ,Uryu,15197,
C,01000000,43.611666666666665,142.20333333333335,147,新城,シンジョウ,Shinjo,15216,
C,11112000,43.595,141.73166666666665,100,空知吉野,ソラチヨシノ,Sorachi-Yoshino,15231,北海道
C,11112110,43.57,141.93833333333333,50,滝川,タキカワ,Takikawa,15241,北海道
C,01000000,43.553333333333335,142.06666666666666,120,赤平,アカビラ,Akabira,15247,
C,11112100,43.52,142.19,91,芦別,アシベツ,Ashibetsu,15251,北海道
C,01000000,43.428333333333335,141.80833333333334,25,浦臼,ウラウス,Urausu,15276,
C,11112000,43.33,141.61666666666667,50,月形,ツキガタ,Tsukigata,15311,北海道
C,11112100,43.36333333333334,141.82666666666665,16,美唄,ビバイ,Bibai,15321,北海道
B,11111111,43.211666666666666,141.785,42,岩見沢,イワミザワ,Iwamizawa,15356,北海道
C,01000000,43.12166666666667,141.745,20,栗沢,クリサワ,Kurisawa,15391,
C,11112010,43.01166666666666,141.69333333333333,13,長沼,ナガヌマ,Naganuma,15431,北海道
C,11112110,43.038333333333334,141.95666666666668,293,夕張,ユウバリ,Yubari,15442,北海道
C,01000000,43.08,142.1,310,鹿島,カシマ,Kashima,15451,
C,01000000,42.96,142.02,161,沼の沢,ヌマノサワ,Numanosawa,15491,
C,11112000,43.27166666666667,140.56333333333333,75,美国,ビクニ,Bikuni,16026,北海道
C,11112010,43.145,140.42333333333335,50,神恵内,カモエナイ,Kamoenai,16061,北海道
C,11112100,43.181666666666665,140.75833333333333,20,余市,ヨイチ,Yoichi,16076,北海道
B,11111111,43.181666666666665,141.015,25,小樽,オタル,Otaru,16091,北海道
C,01000100,43.083333333333336,140.82,148,赤井川,アカイガワ,Akaigawa,16126,
C,11112100,42.98,140.60333333333332,15,共和,キョウワ,Kyowa,16156,北海道
C,11112100,42.81,140.54166666666666,39,蘭越,ランコシ,Rankoshi,16206,北海道
B,11111111,42.9,140.75666666666666,176,倶知安,クッチャン,Kutchan,16217,北海道
B,11111111,42.795,140.22333333333333,33,寿都,スッツ,Suttsu,16252,北海道
C,01000000,42.778333333333336,140.66666666666666,113,ニセコ,ニセコ,Niseko,16272,
C,11112000,42.775,140.88,440,真狩,マッカリ,Makkari,16281,北海道
C,11112100,42.79333333333334,140.94833333333332,264,喜茂別,キモベツ,Kimobetsu,16286,北海道
C,11112100,42.663333333333334,140.31,27,黒松内,クロマツナイ,Kuromatsunai,16321,北海道
B,11111111,44.58,142.96333333333334,14,雄武,オウム,Omu,17036,北海道
C,11112010,44.47,143.10833333333332,8,興部,オコッペ,Okoppe,17076,北海道
C,11112100,44.33166666666666,142.935,120,西興部,ニシオコッペ,Nishi-Okoppe,17091,北海道
B,11111111,44.345,143.355,16,紋別,モンベツ,Mombetsu,17112,北海道
C,11110100,44.303333333333335,143.40333333333334,18,紋別小向,モンベツコムカイ：紋別空港,Mombetsu-Komukai,17116,北海道
C,11112000,44.21333333333333,143.61833333333334,5,湧別,ユウベツ,Yubetsu,17166,北海道
C,11112100,44.17666666666667,143.06166666666667,165,滝上,タキノウエ,Takinoue,17196,北海道
C,01000000,44.18666666666667,143.335,94,上藻別,カミモベツ,Kamimobetsu,17211,
C,11112000,44.115,144.03666666666666,3,常呂,トコロ,Tokoro,17246,北海道
C,11112100,44.053333333333335,143.54,80,遠軽,エンガル,Engaru,17306,北海道
C,11112100,44.01833333333333,143.76,54,佐呂間,サロマ,Saroma,17316,北海道
A,11111111,44.016666666666666,144.27833333333334,38,網走,アバシリ,Abashiri,17341,北海道
C,11112100,44.05166666666667,144.98166666666665,144,宇登呂,ウトロ,Utoro,17351,北海道
C,01000000,43.95166666666667,143.32833333333335,242,丸瀬布,マルセップ,Maruseppu,17386,
C,11112100,43.865,143.15333333333334,475,白滝,シラタキ,Shirataki,17482,北海道
C,11112000,43.916666666666664,143.53166666666667,199,生田原,イクタハラ,Ikutahara,17501,北海道
C,01000000,43.86,143.74666666666667,261,仁頃山,ニコロヤマ,Mt.Nikoro,17512,
C,11112110,43.776666666666664,143.84166666666667,104,北見,キタミ,Kitami,17521,北海道
C,11110100,43.88,144.16333333333333,33,女満別,メマンベツ：女満別空港,Memanbetsu,17531,北海道
C,01000000,43.84,144.285,58,東藻琴,ヒガシモコト,Higashi-Mokoto,17541,
C,11112000,43.84166666666667,144.485,52,小清水,コシミズ,Koshimizu,17546,北海道
C,11112100,43.885,144.7,15,斜里,シャリ,Shari,17561,北海道
C,11112100,43.74166666666667,143.45,325,留辺蘂,ルベシベ,Rubeshibe,17596,北海道
C,11112000,43.70666666666666,143.64333333333335,184,境野,サカイノ,Sakaino,17607,北海道
C,11112000,43.77,144.17166666666665,60,美幌,ビホロ,Bihoro,17631,北海道
C,01000000,43.74333333333333,144.33666666666667,361,山園,ヤマゾノ,Yamazono,17642,
C,01000000,43.62,143.44,368,置戸常元,オケトツネモト,Oketo-Tsunemoto,17686,
C,11112100,43.70166666666667,144.03333333333333,100,津別,ツベツ,Tsubetsu,17717,北海道
C,01000000,43.583333333333336,143.865,210,津別二又,ツベツフタマタ,Tsubetsu-Futamata,17776,
C,11112110,44.02333333333333,145.18666666666667,15,羅臼,ラウス,Rausu,18038,北海道
C,01000000,43.721666666666664,144.98833333333334,115,糸櫛別,イトクシベツ,Itokushibetsu,18091,
C,11112000,43.66166666666667,145.13166666666666,3,標津,シベツ,Shibetsu,18136,北海道
C,11112000,43.52,144.74666666666667,160,上標津,カミシベツ,Kami-shibetsu,18161,北海道
C,11112110,43.54333333333334,144.97833333333332,50,中標津,ナカシベツ,Naka-shibetsu,18171,北海道
C,11110100,43.57666666666667,144.96,65,根室中標津,ネムロナカシベツ：中標津空港,Nemuro-Nakashibetsu,18174,北海道
C,11112100,43.38166666666667,145.11833333333334,23,別海,ベツカイ,Betsukai,18256,北海道
B,11111111,43.33,145.585,25,根室,ネムロ,Nemuro,18273,北海道
C,11112000,43.39333333333333,145.75833333333333,12,納沙布,ノサップ,Nosappu,18281,北海道
C,11112100,43.221666666666664,145.22666666666666,41,厚床,アットコ,Attoko,18311,北海道
C,11112100,43.61666666666667,144.45666666666668,158,川湯,カワユ,Kawayu,19021,北海道
C,11112000,43.51,144.46666666666667,170,弟子屈,テシカガ,Teshikaga,19051,北海道
C,11112100,43.43666666666667,144.08333333333334,426,阿寒湖畔,アカンコハン,Lake-Shore Akan,19076,北海道
C,11112100,43.291666666666664,144.58666666666667,20,標茶,シベチャ,Shibecha,19151,北海道
C,11112100,43.23166666666667,144.325,38,鶴居,ツルイ,Tsurui,19191,北海道
C,11112100,43.19833333333333,144.14166666666668,80,中徹別,ナカテシベツ,Nakateshibetsu,19261,北海道
C,01000000,43.14833333333333,144.49666666666667,25,塘路,トウロ,Toro,19281,
C,01000000,43.17333333333333,144.96666666666667,70,茶内原野,チャナイゲンヤ,Chyanaigenya,19301,
C,11112010,43.12,145.11,2,榊町,サカキマチ,Sakakimachi,19311,北海道
C,01000000,43.11333333333334,144.12333333333333,40,阿寒,アカン,Akan,19346,
C,11110100,43.04,144.19166666666666,95,鶴丘,ツルオカ：釧路空港,Tsuruoka,19347,北海道
C,11112100,43.09,144.77833333333334,85,太田,オオタ,Ota,19376,北海道
C,01000000,42.971666666666664,143.875,45,二俣,フタマタ,Futamata,19406,
C,11112100,42.97,144.06166666666667,9,白糠,シラヌカ,Shiranuka,19416,北海道
A,11111111,42.985,144.37666666666667,5,釧路,クシロ,Kushiro,19432,北海道
C,11112010,42.93833333333333,144.735,149,知方学,チッポマナイ,Chippomanai,19451,北海道
C,01000000,43.51,143.14833333333334,660,三股,ミツマタ,Mitsumata,20047,
C,01000000,43.58833333333333,143.68,313,小利別,ショウトシベツ,Shotoshibetsu,20071,
C,11112110,43.471666666666664,143.75333333333333,210,陸別,リクベツ,Rikubetsu,20146,北海道
C,11112110,43.36666666666667,143.19166666666666,540,ぬかびら源泉郷,ヌカビラゲンセンキョウ,Nukabiragensenkyo,20186,北海道
C,01000000,43.361666666666665,143.45833333333334,378,柏倉,カシワクラ,Kashiwakura,20202,
C,01000000,43.318333333333335,143.80166666666668,232,上螺湾,カミラワン,Kami-rawan,20222,
C,11112110,43.24166666666667,143.295,287,上士幌,カミシホロ,Kamishihoro,20266,北海道
C,11112000,43.24333333333333,143.55333333333334,90,足寄,アショロ,Ashoro,20276,北海道
C,01000000,43.115,143.44333333333333,104,押帯,オショップ,Oshoppu,20331,
C,11112110,43.13166666666667,143.6,67,本別,ホンベツ,Honbetsu,20341,北海道
C,11112100,43.07666666666667,142.84,178,新得,シントク,Shintoku,20356,北海道
C,11112000,43.10333333333333,142.995,206,鹿追,シカオイ,Shikaoi,20361,北海道
C,11112000,43.05,143.18333333333334,112,駒場,コマバ,Komaba,20371,北海道
C,11112100,42.9,143.04333333333332,90,芽室,メムロ,Memuro,20421,北海道
B,11111111,42.92166666666667,143.21166666666667,38,帯広,オビヒロ,Obihiro,20432,北海道
C,11112000,42.92,143.45833333333334,42,池田,イケダ,Ikeda,20441,北海道
C,01000000,42.916666666666664,143.66166666666666,40,留真,ルシン,Rushin,20451,
C,11112100,42.80833333333333,143.65666666666667,20,浦幌,ウラホロ,Urahoro,20506,北海道
C,11110100,42.733333333333334,143.21666666666667,149,帯広泉,オビヒロイズミ：帯広空港,Obihiroizumi,20551,北海道
C,11112000,42.78666666666667,143.32833333333335,70,糠内,ヌカナイ,Nukanai,20556,北海道
C,11112100,42.641666666666666,143.09666666666666,251,上札内,カミサツナイ,Kami-satsunai,20601,北海道
C,11112000,42.651666666666664,143.195,185,更別,サラベツ,Sarabetsu,20606,北海道
C,11112000,42.68666666666667,143.64666666666668,4,大津,オオツ,Otsu,20631,北海道
C,11112100,42.5,143.27333333333334,87,大樹,タイキ,Taiki,20696,北海道
B,11111111,42.29333333333334,143.31666666666666,32,広尾,ヒロオ,Hiroo,20751,北海道
C,01000100,42.81333333333333,141.82833333333335,32,安平,アビラ,Abira,21031,
C,11112000,42.73,141.88833333333332,20,厚真,アツマ,Atsuma,21111,北海道
C,11112100,42.76166666666667,142.14333333333335,56,穂別,ホベツ,Hobetsu,21126,北海道
C,11112100,42.67,141.07833333333335,390,大滝,オオタキ,Otaki,21161,北海道
C,11112000,42.63,141.24666666666667,170,森野,モリノ,Morino,21171,北海道
B,11111111,42.623333333333335,141.54666666666665,6,苫小牧,トマコマイ,Tomakomai,21187,北海道
C,11112110,42.59,140.64333333333335,4,大岸,オオキシ,Okishi,21226,北海道
C,01000000,42.565,140.80666666666667,85,洞爺湖温泉,トウヤコオンセン,Toyako Onsen,21237,
C,01000000,42.516666666666666,141.10666666666665,300,カルルス,カルルス,Karurusu,21251,
C,11112100,42.54333333333334,141.35166666666666,6,白老,シラオイ,Shiraoi,21261,北海道
C,11112000,42.59,141.93333333333334,10,鵡川,ムカワ,Mukawa,21276,北海道
C,11112000,42.475,140.84833333333333,3,伊達,ダテ,Date,21297,北海道
C,11112100,42.458333333333336,141.11833333333334,197,登別,ノボリベツ,Noboribetsu,21312,北海道
A,11111111,42.31166666666667,140.975,40,室蘭,ムロラン,Muroran,21323,北海道
C,11112100,42.876666666666665,142.44166666666666,280,日高,ヒダカ,Hidaka,22036,北海道
C,01000000,42.77166666666667,142.35833333333332,150,仁世宇,ニセウ,Niseu,22072,
C,01000100,42.62833333333333,142.39333333333335,245,旭,アサヒ,Asahi,22106,
C,11112010,42.49666666666667,142.05333333333334,47,日高門別,ヒダカモンベツ,Hidaka-Monbetsu,22141,北海道
C,11112000,42.54333333333334,142.33333333333334,60,新和,シンワ,Shinwa,22156,北海道
C,01000000,42.43333333333333,142.48166666666665,110,笹山,ササヤマ,Sasayama,22206,
C,11112110,42.343333333333334,142.36166666666668,10,静内,シズナイ,Shizunai,22241,北海道
C,11112000,42.245,142.66166666666666,10,三石,ミツイシ,Mitsuishi,22291,北海道
C,11112100,42.223333333333336,142.94833333333332,98,中杵臼,ナカキネウス,Nakakineusu,22306,北海道
B,11111111,42.16166666666667,142.77666666666667,37,浦河,ウラカワ,Urakawa,22327,北海道
C,01000100,42.12833333333333,143.31166666666667,7,目黒,メグロ,Meguro,22356,
C,01000000,42.07666666666667,143.035,0,幌満,ホロマン,Horoman,22366,
C,11112010,41.925,143.24333333333334,63,えりも岬,エリモミサキ,Cape Erimo,22391,北海道
C,11112100,42.52333333333333,140.38166666666666,10,長万部,オシャマンベ,Oshamanbe,23031,北海道
C,11112100,42.251666666666665,140.27166666666668,8,八雲,ヤクモ,Yakumo,23086,北海道
C,11112100,42.06666666666667,140.58833333333334,125,森,モリ,Mori,23166,北海道
C,01000100,41.97666666666667,140.715,165,大沼,オオヌマ,Lake Onuma,23191,
C,11112010,41.905,140.97,25,川汲,カックミ,Kakkumi,23206,北海道
C,11112000,41.88666666666667,140.65333333333334,25,北斗,ホクト,Hokuto,23226,北海道
A,11111111,41.81666666666667,140.75333333333333,35,函館,ハコダテ,Hakodate,23232,北海道
C,11110100,41.77,140.82166666666666,34,高松,タカマツ：函館空港,Takamatsu,23281,北海道
C,01000000,41.71666666666667,141.00333333333333,20,戸井泊,トイトマリ,Toitomari,23291,
C,01000000,41.598333333333336,140.375,24,知内,シリウチ,Shiriuchi,23321,
C,11112010,41.68,140.43666666666667,10,木古内,キコナイ,Kikonai,23326,北海道
C,01000100,41.55833333333333,140.27166666666668,100,千軒,センゲン,Sengen,23356,
C,11112010,41.42333333333333,140.08666666666667,30,松前,マツマエ,Matsumae,23376,北海道
C,11112000,42.45,139.85166666666666,10,せたな,セタナ,Setana,24041,北海道
C,11112100,42.428333333333335,140.00833333333333,19,今金,イマカネ,Imakane,24051,北海道
C,11112010,42.248333333333335,139.55666666666667,5,奥尻,オクシリ,Okushiri,24101,北海道
C,11112100,42.12833333333333,139.985,12,熊石,クマイシ,Kumaishi,24141,北海道
C,11110000,42.071666666666665,139.43166666666667,49,米岡,ヨネオカ：奥尻空港,Yoneoka,24156,北海道
C,01000000,42.038333333333334,140.08833333333334,50,潮見,シオミ,Shiomi,24166,
C,11112100,41.93,140.31166666666667,53,鶉,ウズラ,Uzura,24201,北海道
B,11111111,41.86666666666667,140.12333333333333,4,江差,エサシ,Esashi,24217,北海道
C,01000000,41.7,140.02833333333334,5,石崎,イシザキ,Ishizaki,24236,
C,11112100,41.526666666666664,140.91166666666666,14,大間,オオマ,Oma,31001,青森県
C,01000000,41.31333333333333,140.95666666666668,162,湯野川,ユノカワ,Yunokawa,31036,
B,11111111,41.28333333333333,141.21,3,むつ,ムツ,Mutsu,31111,青森県
C,11112000,41.235,141.39666666666668,6,小田野沢,オダノサワ,Odanosawa,31121,青森県
C,11112100,41.18,140.48166666666665,30,今別,イマベツ,Imabetsu,31136,青森県
C,11112100,41.145,140.82166666666666,15,脇野沢,ワキノサワ,Wakinosawa,31156,青森県
C,11112010,41.056666666666665,140.34666666666666,20,市浦,シウラ,Shiura,31186,青森県
C,11112000,41.045,140.63333333333333,5,蟹田,カニタ,Kanita,31201,青森県
C,11112110,40.80833333333333,140.45833333333334,9,五所川原,ゴショガワラ,Goshogawara,31296,青森県
A,11111111,40.821666666666665,140.76833333333335,3,青森,アオモリ,Aomori,31312,青森県
C,01000000,40.848333333333336,140.985,137,大和山,ヤマトヤマ,Mt.Yamato,31321,
C,11112100,40.885,141.16,14,野辺地,ノヘジ,Noheji,31332,青森県
C,11112000,40.885,141.27166666666668,80,六ケ所,ロッカショ,Rokkasho,31336,青森県
C,11112110,40.776666666666664,140.205,40,鰺ケ沢,アジガサワ,Ajigasawa,31366,青森県
C,11110100,40.733333333333334,140.68833333333333,198,青森大谷,アオモリオオタニ：青森空港,Aomori-Otani,31386,青森県
C,01000000,40.708333333333336,141.12833333333333,57,七戸,シチノヘ,Shichinohe,31411,
B,11111111,40.645,139.93166666666667,66,深浦,フカウラ,Fukaura,31436,青森県
C,01000000,40.62833333333333,140.26333333333332,438,岳,ダケ,Dake,31451,
C,11112110,40.611666666666665,140.455,30,弘前,ヒロサキ,Hirosaki,31461,青森県
C,11112000,40.666666666666664,140.585,30,黒石,クロイシ,Kuroishi,31466,青森県
C,11112100,40.64833333333333,140.84833333333333,890,酸ケ湯,スカユ,Sukayu,31482,青森県
C,11112000,40.675,141.375,39,三沢,ミサワ,Misawa,31506,青森県
C,01000000,40.53,140.555,63,大鰐,オオワニ,Owani,31551,
C,01000000,40.515,140.78333333333333,404,温川,ヌルカワ,Nurukawa,31562,
C,11112100,40.60666666666667,141.23333333333332,55,十和田,トワダ,Towada,31586,青森県
B,11111111,40.526666666666664,141.52166666666668,27,八戸,ハチノヘ,Hachinohe,31602,青森県
C,11112110,40.48166666666667,140.62,135,碇ケ関,イカリガセキ,Ikarigaseki,31646,青森県
C,11112000,40.42666666666667,140.89833333333334,414,休屋,ヤスミヤ,Yasumiya,31662,青森県
C,01000000,40.468333333333334,141.17666666666668,125,戸来,ヘライ,Herai,31671,
C,11112110,40.38333333333333,141.25666666666666,60,三戸,サンノヘ,Sannohe,31721,青森県
C,11112010,40.413333333333334,139.94833333333332,34,八森,ハチモリ,Hachimori,32056,秋田県
C,01000000,40.32,140.29333333333332,68,藤里,フジサト,Fujisato,32071,
C,01000000,40.403333333333336,140.60833333333332,176,陣場,ジンバ,Jinba,32091,
C,01000000,40.35333333333333,140.78,280,藤原,フジワラ,Fujiwara,32096,
C,11112100,40.19833333333333,140.03166666666667,6,能代,ノシロ,Noshiro,32111,秋田県
C,11112110,40.22666666666667,140.37166666666667,29,鷹巣,タカノス,Takanosu,32126,秋田県
C,11112000,40.251666666666665,140.505,49,大館,オオダテ,Odate,32136,秋田県
C,11112100,40.215,140.78666666666666,123,鹿角,カヅノ,Kazuno,32146,秋田県
C,11110000,40.19166666666667,140.37166666666667,84,脇神,ワキガミ：大館能代空港,Wakigami,32181,秋田県
C,11112000,40.12,140.84,214,湯瀬,ユゼ,Yuze,32206,秋田県
C,11112000,40.013333333333335,140.80166666666668,578,八幡平,ハチマンタイ,Hachimantai,32266,秋田県
C,01000000,39.93833333333333,139.78166666666667,84,男鹿真山,オガシンザン,Mt.Oga-Shinzan,32276,
C,11112000,39.91166666666667,139.9,20,男鹿,オガ,Oga,32286,秋田県
C,11112000,40.0,139.95,-3,大潟,オオガタ,Ogata,32287,秋田県
C,11112100,39.93833333333333,140.115,6,五城目,ゴジョウメ,Gojome,32296,秋田県
C,11112100,39.99333333333333,140.40333333333334,120,阿仁合,アニアイ,Aniai,32311,秋田県
C,01000000,39.903333333333336,140.45,210,比立内,ヒタチナイ,Hitachinai,32312,
C,01000000,39.81166666666667,140.585,255,桧木内,ヒノキナイ,Hinokinai,32376,
A,11111111,39.71666666666667,140.09833333333333,6,秋田,アキタ,Akita,32402,秋田県
C,11112010,39.70666666666666,140.28666666666666,41,岩見三内,イワミサンナイ,Iwami-Sannai,32407,秋田県
C,01000000,39.8,140.21666666666667,179,仁別,ニベツ,Nibetsu,32408,
C,01000000,39.775,140.665,281,鎧畑,ヨロイバタ,Yoroibata,32426,
C,01000000,39.778333333333336,140.76166666666666,652,田沢湖高原,タザワココウゲン,Tazawako Highlands,32431,
C,11110100,39.615,140.21833333333333,93,雄和,ユウワ：秋田空港,Yuwa,32451,秋田県
C,11112100,39.60333333333333,140.55666666666667,56,角館,カクノダテ,Kakunodate,32466,秋田県
C,11112000,39.69833333333333,140.73166666666665,230,田沢湖,タザワコ,Lake Tazawa,32476,秋田県
C,11112100,39.526666666666664,140.23333333333332,20,大正寺,ダイショウジ,Daisho-ji,32496,秋田県
C,11112000,39.49,140.495,30,大曲,オオマガリ,Omagari,32551,秋田県
C,11112100,39.36,140.055,11,本荘,ホンジョウ,Honjo,32571,秋田県
C,11112000,39.305,140.28833333333333,117,東由利,ヒガシユリ,Higashiyuri,32581,秋田県
C,11112100,39.32,140.555,59,横手,ヨコテ,Yokote,32596,秋田県
C,11112010,39.255,139.91333333333333,7,にかほ,ニカホ,Nikaho,32616,秋田県
C,11112100,39.235,140.13666666666666,46,矢島,ヤシマ,Yashima,32626,秋田県
C,01000000,39.10333333333333,140.29333333333332,200,笹子,ジネゴ,Jinego,32681,
C,11112100,39.18666666666667,140.46333333333334,74,湯沢,ユザワ,Yuzawa,32691,秋田県
C,01000000,39.178333333333335,140.64833333333334,191,東成瀬,ヒガシナルセ,Higashinaruse,32701,
C,11112100,38.96,140.52833333333334,335,湯の岱,ユノタイ,Yunotai,32771,秋田県
C,11112000,40.403333333333336,141.7,70,種市,タネイチ,Taneichi,33006,岩手県
C,11112000,40.325,141.46666666666667,148,軽米,カルマイ,Karumai,33026,岩手県
C,11112100,40.29833333333333,141.29833333333335,87,二戸,ニノヘ,Ninohe,33071,岩手県
C,01000000,40.281666666666666,141.66666666666666,200,大野,オオノ,Ohno,33086,
C,11112000,40.14833333333333,141.57166666666666,290,山形,ヤマガタ,Yamagata,33136,岩手県
C,11112110,40.16833333333334,141.74833333333333,13,久慈,クジ,Kuji,33146,岩手県
C,11112010,40.10333333333333,141.05,290,荒屋,アラヤ,Araya,33166,岩手県
C,11112100,40.06,141.225,430,奥中山,オクナカヤマ,Mt.Okunaka,33176,岩手県
C,11112100,40.04,141.45666666666668,418,葛巻,クズマキ,Kuzumaki,33186,岩手県
C,01000000,40.083333333333336,141.71166666666667,239,下戸鎖,シモトクサリ,Shimotokusari,33201,
C,11112000,40.00333333333333,141.88333333333333,8,普代,フダイ,Fudai,33206,岩手県
C,11112100,39.95166666666667,141.065,275,岩手松尾,イワテマツオ,Iwate-Matsuo,33226,岩手県
C,01000000,39.973333333333336,141.16666666666666,285,一方井,イッカタイ,Ikkatai,33231,
C,11112000,39.86833333333333,141.16666666666666,205,好摩,コウマ,Koma,33296,岩手県
C,11112110,39.846666666666664,141.795,105,岩泉,イワイズミ,Iwaizumi,33326,岩手県
C,11112000,39.846666666666664,141.96333333333334,3,小本,オモト,Omoto,33336,岩手県
C,01000000,39.776666666666664,140.945,350,葛根田,カッコンダ,Kakkonda,33351,
C,01000000,39.78,141.09666666666666,210,滝沢,タキザワ,Takizawa,33361,
C,11112000,39.78333333333333,141.32833333333335,680,薮川,ヤブカワ,Yabukawa,33371,岩手県
C,11112100,39.696666666666665,140.975,195,雫石,シズクイシ,Shizukuishi,33421,岩手県
A,11111111,39.69833333333333,141.165,155,盛岡,モリオカ,Morioka,33431,岩手県
C,11112100,39.65,141.35333333333332,734,区界,クザカイ,Kuzakai,33441,岩手県
B,11111111,39.64666666666667,141.965,43,宮古,ミヤコ,Miyako,33472,岩手県
C,11112000,39.54833333333333,140.84333333333333,407,沢内,サワウチ,Sawauchi,33486,岩手県
C,11112000,39.54666666666667,141.12666666666667,125,紫波,シワ,Shiwa,33501,岩手県
C,11112000,39.598333333333336,141.68166666666667,192,川井,カワイ,Kawai,33526,岩手県
C,01000000,39.48,140.96833333333333,300,豊沢,トヨサワ,Toyosawa,33566,
C,11110000,39.428333333333335,141.135,90,花巻,ハナマキ：花巻空港,Hanamaki,33576,岩手県
C,11112000,39.47,141.27833333333334,150,大迫,オオハサマ,Ohasama,33581,岩手県
C,01000000,39.45666666666666,141.50666666666666,440,附馬牛,ツキモウシ,Tsukimoshi,33596,
C,01000000,39.43833333333333,141.80666666666667,120,大槌,オオツチ,Otsuchi,33611,
C,11112000,39.45,141.95666666666668,24,山田,ヤマダ,Yamada,33616,岩手県
C,11112110,39.31,140.77666666666667,250,湯田,ユダ,Yuda,33631,岩手県
C,11112110,39.33833333333333,141.54333333333332,275,遠野,トオノ,Tono,33671,岩手県
C,01000000,39.225,141.015,170,金ヶ崎,カネガサキ,Kanegasaki,33711,
C,11112100,39.288333333333334,141.11,61,北上,キタカミ,Kitakami,33716,岩手県
C,01000000,39.233333333333334,141.31,170,米里,ヨネサト,Yonesato,33726,
C,11112000,39.27,141.87833333333333,5,釜石,カマイシ,Kamaishi,33751,岩手県
C,11112000,39.14,141.06333333333333,97,若柳,ワカヤナギ,Wakayanagi,33776,岩手県
C,11112000,39.18333333333333,141.16166666666666,42,江刺,エサシ,Esashi,33781,岩手県
C,11112000,39.141666666666666,141.57333333333332,80,住田,スミタ,Sumita,33801,岩手県
C,01000100,39.01166666666666,140.865,350,祭畤,マツルベ,Matsurube,33831,
C,01000000,39.05,141.045,75,衣川,コロモガワ,Koromogawa,33841,
C,01000000,39.038333333333334,141.29666666666665,140,大東,ダイトウ,Daito,33856,
B,11111111,39.06333333333333,141.71333333333334,37,大船渡,オオフナト,Ofunato,33877,岩手県
C,11112110,38.93333333333333,141.125,32,一関,イチノセキ,Ichinoseki,33911,岩手県
C,11112000,38.92166666666667,141.33,120,千厩,センマヤ,Senmaya,33921,岩手県
C,11112100,38.913333333333334,140.82833333333335,525,駒ノ湯,コマノユ,Komanoyu,34012,宮城県
C,11112000,38.906666666666666,141.55666666666667,62,気仙沼,ケセンヌマ,Kesennuma,34026,宮城県
C,01000000,38.805,140.94833333333332,33,鴬沢,ウグイスザワ,Uguisuzawa,34056,
C,11112100,38.74333333333333,140.76,170,川渡,カワタビ,Kawatabi,34096,宮城県
C,11112010,38.735,141.005,25,築館,ツキダテ,Tsukidate,34111,宮城県
C,11112000,38.626666666666665,141.18833333333333,5,米山,ヨネヤマ,Yoneyama,34171,宮城県
C,11112000,38.681666666666665,141.44833333333332,39,志津川,シヅガワ,Shizugawa,34186,宮城県
C,01000000,38.571666666666665,140.72666666666666,195,加美,カミ,Kami,34206,
C,11112110,38.598333333333336,140.91166666666666,28,古川,フルカワ,Furukawa,34216,宮城県
C,01000000,38.52,141.465,24,雄勝,オガツ,Ogatsu,34241,
C,01000000,38.406666666666666,140.72166666666666,630,泉ケ岳,イズミガダケ,Mt.Izumigadake,34262,
C,11112000,38.473333333333336,140.88833333333332,57,大衡,オオヒラ,Ohira,34266,宮城県
C,11112000,38.46,141.09166666666667,3,鹿島台,カシマダイ,Kashimadai,34276,宮城県
B,11111111,38.42666666666667,141.29833333333335,43,石巻,イシノマキ,Ishinomaki,34292,宮城県
C,11112000,38.446666666666665,141.45,38,女川,オナガワ,Onagawa,34296,宮城県
C,11112110,38.303333333333335,140.63666666666666,265,新川,ニッカワ,Nikkawa,34311,宮城県
C,11112000,38.33833333333333,141.01333333333332,105,塩釜,シオガマ,Shiogama,34331,宮城県
A,11111111,38.26166666666666,140.89666666666668,39,仙台,センダイ,Sendai,34392,宮城県
C,11110100,38.138333333333335,140.91666666666666,2,名取,ナトリ：仙台空港,Natori,34436,宮城県
C,11112110,38.015,140.61166666666668,86,白石,シロイシ,Shiroishi,34461,宮城県
C,11112010,38.126666666666665,140.68,112,蔵王,ザオウ,Zao,34462,宮城県
C,11112000,38.025,140.85833333333332,4,亘理,ワタリ,Watari,34471,宮城県
C,11112000,37.931666666666665,140.77833333333334,18,丸森,マルモリ,Marumori,34506,宮城県
C,01000000,37.82666666666667,140.72833333333332,305,筆甫,ヒッポ,Hippo,34526,
C,11112010,39.18333333333333,139.54333333333332,58,飛島,トビシマ,Tobishima Island,35002,山形県
B,11111111,38.90833333333333,139.84333333333333,3,酒田,サカタ,Sakata,35052,山形県
C,01000000,38.965,139.99833333333333,65,酒田大沢,サカタオオサワ,Sakata-Osawa,35056,
C,11112000,38.91833333333334,140.2,88,差首鍋,サスナベ,Sasunabe,35071,山形県
C,11110000,38.81166666666667,139.78666666666666,22,浜中,ハマナカ：庄内空港,Hamanaka,35086,山形県
C,11112100,38.87833333333333,140.33166666666668,170,金山,カネヤマ,Kaneyama,35116,山形県
C,11112010,38.735,139.82833333333335,16,鶴岡,ツルオカ,Tsuruoka,35141,山形県
C,11112100,38.8,139.97333333333333,17,狩川,カリカワ,Karikawa,35146,山形県
B,11111111,38.75666666666667,140.31166666666667,105,新庄,シンジョウ,Shinjo,35162,山形県
C,01000000,38.755,140.41333333333333,150,瀬見,セミ,Semi,35171,
C,11112100,38.75833333333333,140.51666666666668,212,向町,ムカイマチ,Mukaimachi,35176,山形県
C,01000100,38.67166666666667,139.84833333333333,33,櫛引,クシビキ,Kushibiki,35201,
C,11112100,38.60666666666667,140.16333333333333,330,肘折,ヒジオリ,Hijiori,35216,山形県
C,11112110,38.608333333333334,140.41166666666666,106,尾花沢,オバナザワ,Obanazawa,35231,山形県
C,11112010,38.56666666666667,139.55166666666668,18,鼠ケ関,ネズガセキ,Nezugaseki,35246,山形県
C,01000000,38.50833333333333,139.78166666666667,272,荒沢,アラサワ,Arasawa,35256,
C,11112010,38.46,140.34833333333333,80,村山,ムラヤマ,Murayama,35332,山形県
C,11110000,38.41166666666667,140.37,105,東根,ヒガシネ：山形空港,Higashine,35334,山形県
C,11112100,38.39,139.99333333333334,440,大井沢,オオイサワ,Oisawa,35361,山形県
C,11112100,38.37,140.19166666666666,133,左沢,アテラザワ,Aterazawa,35376,山形県
A,11111111,38.255,140.345,153,山形,ヤマガタ,Yamagata,35426,山形県
C,11112100,38.105,140.015,210,長井,ナガイ,Nagai,35456,山形県
C,01000000,38.11666666666667,140.21333333333334,270,上山中山,カミノヤマナカヤマ,Kaminoyama-Nakayama,35466,
C,11112100,38.07833333333333,139.735,140,小国,オグニ,Oguni,35486,山形県
C,11112000,38.00333333333333,140.20666666666668,220,高畠,タカハタ,Takahata,35511,山形県
C,01000000,37.91,139.84333333333333,390,中津川,ナカツガワ,Nakatsugawa,35537,
C,11112000,37.99,139.95333333333335,260,高峰,タカミネ,Takamine,35541,山形県
C,11112110,37.91166666666667,140.14333333333335,245,米沢,ヨネザワ,Yonezawa,35552,山形県
C,11112100,37.891666666666666,140.43666666666667,200,茂庭,モニワ,Moniwa,36056,福島県
C,11112000,37.85166666666667,140.58833333333334,43,梁川,ヤナガワ,Yanagawa,36066,福島県
C,11112000,37.721666666666664,140.05833333333334,824,桧原,ヒバラ,Hibara,36106,福島県
A,11111111,37.75833333333333,140.47,67,福島,フクシマ,Fukushima,36127,福島県
C,11112010,37.78333333333333,140.925,9,相馬,ソウマ,Soma,36151,福島県
C,11112000,37.65833333333333,139.86333333333334,212,喜多方,キタカタ,Kitakata,36176,福島県
C,11112000,37.66833333333334,140.26,1220,鷲倉,ワシクラ,Washikura,36196,福島県
C,11112000,37.665,140.72666666666666,463,飯舘,イイタテ,Iitate,36221,福島県
C,01000000,37.638333333333335,140.98333333333332,17,原町,ハラマチ,Haramachi,36231,
C,11112100,37.58833333333333,139.65666666666667,165,西会津,ニシアイヅ,Nishiaizu,36251,福島県
C,11112110,37.55166666666667,140.10833333333332,519,猪苗代,イナワシロ,Inawashiro,36276,福島県
C,11112000,37.583333333333336,140.43,235,二本松,ニホンマツ,Nihonmatsu,36291,福島県
C,01000000,37.56,140.75333333333333,400,津島,ツシマ,Tsushima,36307,
C,11112100,37.473333333333336,139.52833333333334,296,金山,カネヤマ,Kaneyama,36342,福島県
B,11111111,37.48833333333334,139.91,212,若松,ワカマツ,Wakamatsu,36361,福島県
C,11112010,37.435,140.57666666666665,421,船引,フネヒキ,Funehiki,36391,福島県
C,11112000,37.49166666666667,140.965,43,浪江,ナミエ,Namie,36411,福島県
C,11112100,37.343333333333334,139.31333333333333,377,只見,タダミ,Tadami,36426,福島県
C,01000000,37.388333333333335,140.09,536,湖南,コナン,Konan,36461,
C,11112010,37.36833333333333,140.33,249,郡山,コオリヤマ,Koriyama,36476,福島県
C,11112000,37.336666666666666,140.80833333333334,410,川内,カワウチ,Kawauchi,36501,福島県
C,01000000,37.346666666666664,141.01666666666668,50,富岡,トミオカ,Tomioka,36511,
C,11112110,37.265,139.53666666666666,494,南郷,ナンゴウ,Nango,36536,福島県
C,11112100,37.276666666666664,140.06333333333333,646,湯本,ユモト,Yumoto,36562,福島県
C,01000000,37.288333333333334,140.21833333333333,317,長沼,ナガヌマ,Naganuma,36571,
C,11110100,37.22666666666667,140.42666666666668,372,玉川,タマカワ：福島空港,Tamakawa,36581,福島県
C,11112000,37.28666666666667,140.625,433,小野新町,オノニイマチ,Ono-Niimachi,36591,福島県
C,01000000,37.24666666666667,140.72333333333333,492,川前,カワマエ,Kawamae,36597,
C,11112000,37.233333333333334,141.0,43,広野,ヒロノ,Hirono,36611,福島県
C,11112100,37.20666666666666,139.795,544,田島,タジマ,Tajima,36641,福島県
B,11111111,37.13166666666667,140.215,355,白河,シラカワ,Shirakawa,36667,福島県
C,11112000,37.14666666666667,140.46,290,石川,イシカワ,Ishikawa,36676,福島県
C,11112100,37.01,139.375,973,桧枝岐,ヒノエマタ,Hinoemata,36716,福島県
C,01000000,37.09166666666667,139.53166666666667,690,舘岩,タテイワ,Tateiwa,36726,
C,01000000,37.065,140.87666666666667,12,平,タイラ,Taira,36781,
C,11112010,36.93833333333333,140.40833333333333,183,東白川,ヒガシシラカワ,Higashi-Shirakawa,36821,福島県
C,11112000,36.93333333333333,140.73333333333332,25,山田,ヤマダ,Yamada,36836,福島県
B,11111011,36.946666666666665,140.90333333333334,3,小名浜,オナハマ,Onahama,36846,福島県
C,01000000,36.86833333333333,140.63666666666666,370,花園,ハナゾノ,Hanazono,40041,
C,11112010,36.833333333333336,140.77166666666668,5,北茨城,キタイバラキ,KitaIbaraki,40046,茨城県
C,11112000,36.778333333333336,140.345,120,大子,ダイゴ,Daigo,40061,茨城県
C,01000000,36.778333333333336,140.48166666666665,270,徳田,トクダ,Tokuda,40066,
C,01000000,36.74333333333333,140.59333333333333,395,大能,オオノウ,Ono,40076,
C,11112000,36.60666666666667,140.325,95,常陸大宮,ヒタチオオミヤ,Hitachi-omiya,40091,茨城県
C,01000000,36.515,140.47333333333333,17,中野,ナカノ,Nakano,40126,
C,11112000,36.58,140.645,34,日立,ヒタチ,Hitachi,40136,茨城県
C,01000000,36.333333333333336,140.03333333333333,40,門井,カドイ,Kadoi,40181,
C,11112000,36.395,140.24,72,笠間,カサマ,Kasama,40191,茨城県
A,11111111,36.38,140.46666666666667,29,水戸,ミト,Mito,40201,茨城県
C,11112000,36.20166666666667,139.71666666666667,20,古河,コガ,Koga,40221,茨城県
C,11112000,36.281666666666666,139.98833333333334,24,下館,シモダテ,Shimodate,40231,茨城県
C,01000000,36.233333333333334,140.18833333333333,27,柿岡,カキオカ,Kakioka,40241,
C,01000000,36.236666666666665,140.325,25,美野里,ミノリ,Minori,40251,
C,11112000,36.16833333333334,139.945,20,下妻,シモツマ,Shimotsuma,40281,茨城県
C,11112010,36.16833333333334,140.52666666666667,32,鉾田,ホコタ,Hokota,40311,茨城県
C,01000000,36.035,139.89333333333335,16,坂東,バンドウ,Bando,40326,
C,11111100,36.056666666666665,140.125,25,つくば,ツクバ,Tsukuba,40336,茨城県
C,11112000,36.10333333333333,140.22,26,土浦,ツチウラ,Tsuchiura,40341,茨城県
C,01000000,35.96,140.32,25,江戸崎,エドサキ,Edosaki,40391,
C,11112000,35.96333333333333,140.62166666666667,37,鹿嶋,カシマ,Kashima,40406,茨城県
C,11112000,35.89,140.21166666666667,4,龍ケ崎,リュウガサキ,Ryugasaki,40426,茨城県
C,11112110,37.123333333333335,140.035,749,那須高原,ナスコウゲン,Nasu Highlands,41011,栃木県
C,11112000,36.92166666666667,139.695,620,五十里,イカリ,Ikari,41076,栃木県
C,11112010,36.98166666666667,140.01833333333335,343,黒磯,クロイソ,Kuroiso,41091,栃木県
C,11112100,36.891666666666666,139.56833333333333,925,土呂部,ドロブ,Dorobu,41116,栃木県
C,11112010,36.84,140.035,188,大田原,オオタワラ,Otawara,41141,栃木県
B,11111111,36.73833333333333,139.5,1292,奥日光,オクニッコウ,Oku-Nikko,41166,栃木県
C,11112000,36.75,139.615,561,日光東町,ニッコウヒガシマチ,Nikkohigashimachi,41172,栃木県
C,11112000,36.75666666666667,139.88333333333333,225,塩谷,シオヤ,Shioya,41181,栃木県
C,01000000,36.64666666666667,139.44833333333332,650,足尾,アシオ,Ashio,41211,
C,01000000,36.60666666666667,139.99833333333333,148,高根沢,タカネザワ,Takanezawa,41241,
C,11112000,36.641666666666666,140.11666666666667,82,那須烏山,ナスカラスヤマ,Nasu-Karasuyama,41247,栃木県
C,11112000,36.59166666666667,139.735,165,鹿沼,カヌマ,Kanuma,41271,栃木県
A,11111111,36.54833333333333,139.86833333333334,119,宇都宮,ウツノミヤ,Utsunomiya,41277,栃木県
C,01000000,36.431666666666665,139.59,120,葛生,クズウ,Kuzuu,41311,
C,11112000,36.47666666666667,139.98666666666668,91,真岡,モオカ,Mooka,41331,栃木県
C,01000000,36.34166666666667,139.46166666666667,35,足利,アシカガ,Ashikaga,41356,
C,11112000,36.36333333333334,139.57,68,佐野,サノ,Sano,41361,栃木県
C,01000000,36.373333333333335,139.70333333333335,65,栃木,トチギ,Tochigi,41371,
C,11112000,36.33833333333333,139.83,44,小山,オヤマ,Oyama,41376,栃木県
C,11112110,36.86333333333333,139.05833333333334,700,藤原,フジワラ,Fujiwara,42046,群馬県
C,11112110,36.77333333333333,138.965,524,みなかみ,ミナカミ,Minakami,42091,群馬県
C,01000000,36.77166666666667,139.23833333333334,861,片品,カタシナ,Katashina,42106,
C,11112100,36.61666666666667,138.59166666666667,1223,草津,クサツ,Kusatsu,42121,群馬県
C,11112010,36.66833333333334,139.02166666666668,390,沼田,ヌマタ,Numata,42146,群馬県
C,11112000,36.586666666666666,138.85,354,中之条,ナカノジョウ,Nakanojo,42186,群馬県
C,11112000,36.46333333333333,138.46333333333334,1230,田代,タシロ,Tashiro,42221,群馬県
C,01000000,36.471666666666664,138.87333333333333,1088,榛名山,ハルナサン,Mt. Haruna,42241,
A,11111111,36.405,139.06,112,前橋,マエバシ,Maebashi,42251,群馬県
C,01000000,36.501666666666665,139.28333333333333,285,黒保根,クロホネ,kurohone,42261,
C,11112000,36.41,139.325,117,桐生,キリュウ,Kiryu,42266,群馬県
C,11112000,36.376666666666665,138.895,183,上里見,カミサトミ,Kami-Satomi,42286,群馬県
C,11112000,36.33166666666666,139.165,64,伊勢崎,イセサキ,Isesaki,42302,群馬県
C,11112000,36.245,138.70666666666668,375,西野牧,ニシノマキ,Nishinomaki,42326,群馬県
C,01000000,36.24166666666667,139.07,95,藤岡,フジオカ,Fujioka,42341,
C,11112000,36.24,139.51333333333332,23,館林,タテバヤシ,Tatebayashi,42366,群馬県
C,11112000,36.108333333333334,138.89666666666668,357,神流,カンナ,Kanna,42396,群馬県
C,11112000,36.105,139.18333333333334,128,寄居,ヨリイ,Yorii,43051,埼玉県
A,11111111,36.15,139.38,30,熊谷,クマガヤ,Kumagaya,43056,埼玉県
C,01000000,36.053333333333335,138.98,275,上吉田,カミヨシダ,Kamiyoshida,43091,
C,01000000,36.065,139.52166666666668,15,鴻巣,コウノス,Konosu,43121,
C,11112000,36.086666666666666,139.635,12,久喜,クキ,Kuki,43126,埼玉県
C,01000000,35.92666666666667,138.92333333333335,975,三峰,ミツミネ,Mitsumine,43151,
B,11111111,35.99,139.07333333333332,232,秩父,チチブ,Chichibu,43156,埼玉県
C,01000000,35.92,139.07,400,浦山,ウラヤマ,Urayama,43157,
C,01000000,35.99,139.20666666666668,295,ときがわ,トキガワ,Tokigawa,43162,
C,11112000,35.985,139.335,44,鳩山,ハトヤマ,Hatoyama,43171,埼玉県
C,01000000,35.83833333333333,139.32166666666666,84,飯能,ハンノウ,Hanno,43231,
C,11112110,35.875,139.58666666666667,8,さいたま,サイタマ,Saitama,43241,埼玉県
C,11112010,35.88333333333333,139.75666666666666,3,越谷,コシガヤ,Koshigaya,43256,埼玉県
C,11112000,35.77333333333333,139.41333333333333,119,所沢,トコロザワ,Tokorozawa,43266,埼玉県
C,11112010,35.791666666666664,139.05,530,小河内,オゴウチ,Ogochi,44046,東京都
C,01000000,35.735,139.12333333333333,420,小沢,オザワ,Ozawa,44051,
C,11112000,35.788333333333334,139.31166666666667,155,青梅,オウメ,Ome,44056,東京都
C,11112000,35.73833333333333,139.59166666666667,51,練馬,ネリマ,Nerima,44071,東京都
C,11112000,35.666666666666664,139.31666666666666,123,八王子,ハチオウジ,Hachioji,44112,東京都
C,11112000,35.68333333333333,139.48333333333332,59,府中,フチュウ,Fuchu,44116,東京都
C,01000000,35.626666666666665,139.62,35,世田谷,セタガヤ,Setagaya,44126,
A,11111111,35.69166666666667,139.75,25,東京,トウキョウ,Tokyo,44132,東京都
C,11112000,35.638333333333335,139.86333333333334,5,江戸川臨海,エドガワリンカイ,Edogawa Seaside,44136,東京都
C,11110000,35.553333333333335,139.78,6,羽田,ハネダ：東京国際空港,Haneda,44166,東京都
B,11111011,34.748333333333335,139.36166666666668,74,大島,オオシマ,Oshima Island,44172,東京都
C,11110000,34.781666666666666,139.36,38,大島北ノ山,オオシマキタノヤマ：大島空港,Oshima-Kitanoyama,44173,東京都
C,01000000,34.528333333333336,139.28166666666667,100,利島,トシマ,Toshima Island,44191,
C,11110000,34.36833333333333,139.26833333333335,29,新島,ニイジマ：新島空港,Niijima Island,44207,東京都
C,11110000,34.18833333333333,139.13333333333333,138,神津島,コウヅシマ：神津島空港,Kozushima Island,44216,東京都
B,11111011,34.123333333333335,139.52,38,三宅島,ミヤケジマ,Miyakejima Island,44226,東京都
C,11110000,34.07333333333333,139.56,20,三宅坪田,ミヤケツボタ：三宅島空港,Miyake-Tsubota,44228,東京都
C,11110000,33.115,139.785,92,八重見ヶ原,ヤエミガハラ：八丈島空港,Yaemigahara,44262,東京都
B,11111011,33.12166666666667,139.77833333333334,151,八丈島,ハチジョウジマ,Hachijojima Island,44263,東京都
C,01000000,32.46666666666667,139.76,272,青ヶ島,アオガシマ,Aogashima Island,44281,
D,11111011,27.091666666666665,142.19,3,父島,チチジマ,Chichijima Island,44301,東京都
C,01000000,26.635,142.16166666666666,32,母島,ハハジマ,Hahajima Island,44316,
E,11111011,24.288333333333334,153.98333333333332,7,南鳥島,ミナミトリシマ,Minamitorishima Island,44356,
C,11112000,35.86333333333333,140.11,20,我孫子,アビコ,Abiko,45061,千葉県
C,11112010,35.858333333333334,140.50166666666667,37,香取,カトリ,Katori,45081,千葉県
C,01000000,35.795,140.68166666666667,52,東庄,トウノショウ,Tonosho,45086,
C,11112000,35.711666666666666,140.04333333333332,28,船橋,フナバシ,Funabashi,45106,千葉県
C,11112010,35.72833333333333,140.21166666666667,5,佐倉,サクラ,Sakura,45116,千葉県
C,11110000,35.763333333333335,140.385,41,成田,ナリタ：成田国際空港,Narita,45121,千葉県
A,11111111,35.73833333333333,140.85666666666665,20,銚子,チョウシ,Choshi,45147,千葉県
C,11112010,35.655,140.505,5,横芝光,ヨコシバヒカリ,Yokoshibahikari,45181,千葉県
B,11111111,35.60166666666667,140.10333333333332,3,千葉,チバ,Chiba,45212,千葉県
C,11112010,35.43666666666667,140.29333333333332,11,茂原,モバラ,Mobara,45261,千葉県
C,11112010,35.361666666666665,139.94,60,木更津,キサラヅ,Kisarazu,45282,千葉県
C,11112010,35.39666666666667,140.14833333333334,30,牛久,ウシク,Ushiku,45291,千葉県
C,11112010,35.235,140.09833333333333,120,坂畑,サカハタ,Sakahata,45326,千葉県
C,01000000,35.251666666666665,140.215,70,大多喜,オオタキ,Otaki,45331,
C,01000000,35.12166666666667,139.83666666666667,10,鋸南,キョナン,Kyonan,45346,
C,11112010,35.111666666666665,140.1,5,鴨川,カモガワ,Kamogawa,45361,千葉県
B,11111011,35.15,140.31166666666667,12,勝浦,カツウラ,Katsuura,45371,千葉県
B,11111011,34.986666666666665,139.865,6,館山,タテヤマ,Tateyama,45401,千葉県
C,01000000,35.61333333333333,139.19333333333333,188,相模湖,サガミコ,Lake Sagami,46001,
C,01000000,35.571666666666665,139.37,149,相模原中央,サガミハラチュウオウ,Sagamihara-Chuo,46046,
C,01000000,35.55166666666667,139.65,57,日吉,ヒヨシ,Hiyoshi,46061,
C,01000000,35.41,139.04333333333332,330,丹沢湖,タンザワコ,Lake Tanzawa,46076,
C,11112000,35.43333333333333,139.38666666666666,18,海老名,エビナ,Ebina,46091,神奈川県
A,11111111,35.43833333333333,139.65166666666667,39,横浜,ヨコハマ,Yokohama,46106,神奈川県
C,01000000,35.345,139.305,20,平塚,ヒラツカ,Hiratsuka,46136,
C,11112010,35.32,139.45,5,辻堂,ツジドウ,Tsujido,46141,神奈川県
C,01000000,35.221666666666664,139.04166666666666,855,箱根,ハコネ,Hakone,46161,
C,11112010,35.276666666666664,139.155,14,小田原,オダワラ,Odawara,46166,神奈川県
C,11112010,35.178333333333335,139.63,42,三浦,ミウラ,Miura,46211,神奈川県
C,11112100,36.91166666666667,138.44166666666666,576,野沢温泉,ノザワオンセン,Nozawa Onsen,48031,長野県
C,11112100,36.80833333333333,138.19666666666666,685,信濃町,シナノマチ,Shinano-Machi,48061,長野県
C,11112110,36.875,138.375,313,飯山,イイヤマ,Iiyama,48066,長野県
C,01000100,36.821666666666665,137.93,550,小谷,オタリ,Otari,48097,
C,11112100,36.69833333333333,137.86166666666668,703,白馬,ハクバ,Hakuba,48141,長野県
C,01000000,36.68833333333333,137.965,778,鬼無里,キナサ,Kinasa,48146,
A,11111111,36.66166666666667,138.19166666666666,418,長野,ナガノ,Nagano,48156,長野県
C,01000000,36.665,138.45833333333334,1473,笠岳,カサダケ,Kasadake,48172,
C,11112100,36.52333333333333,137.83166666666668,784,大町,オオマチ,Omachi,48191,長野県
C,11112000,36.54833333333333,137.99666666666667,509,信州新町,シンシュウシンマチ,Shinshu-Shinmachi,48196,長野県
C,11112100,36.531666666666666,138.325,1253,菅平,スガダイラ,Sugadaira,48216,長野県
C,01000000,36.486666666666665,138.06833333333333,985,聖高原,ヒジリコウゲン,Hijiri Highlands,48247,
C,11112010,36.4,138.265,502,上田,ウエダ,Ueda,48256,長野県
C,11112000,36.343333333333334,137.88166666666666,540,穂高,ホタカ,Hotaka,48296,長野県
C,11112000,36.38333333333333,138.38333333333333,958,東御,トウミ,Tomi,48321,長野県
B,11111111,36.34166666666667,138.54666666666665,999,軽井沢,カルイザワ,Karuizawa,48331,長野県
C,01000000,36.248333333333335,137.63333333333333,1510,上高地,カミコウチ,Kamikochi,48346,
B,11111111,36.24666666666667,137.97,610,松本,マツモト,Matsumoto,48361,長野県
C,11110000,36.166666666666664,137.92166666666665,658,松本今井,マツモトイマイ：松本空港,Matsumoto-Imai,48363,長野県
C,01000000,36.30166666666667,138.13666666666666,721,鹿教湯,カケユ,Kakeyu,48371,
C,11112000,36.27166666666667,138.31333333333333,715,立科,タテシナ,Tateshina,48381,長野県
C,11112000,36.24666666666667,138.47666666666666,683,佐久,サク,Saku,48386,長野県
C,01000000,36.105,138.22833333333332,1440,白樺湖,シラカバコ,Lake Shirakaba,48436,
C,11112000,36.08833333333333,137.68333333333334,1068,奈川,ナガワ,Nagawa,48466,長野県
B,11111111,36.045,138.10833333333332,760,諏訪,スワ,Suwa,48491,長野県
C,01000000,36.071666666666665,138.61166666666668,1185,北相木,キタアイキ,Kitaaiki,48516,
C,11112110,35.93833333333333,137.60166666666666,1130,開田高原,カイダコウゲン,Kaida Highlands,48531,長野県
C,11112000,35.93666666666667,137.78666666666666,985,木祖薮原,キソヤブハラ,Kiso-Yabuhara,48536,長野県
C,11112000,35.983333333333334,137.98333333333332,732,辰野,タツノ,Tatsuno,48546,長野県
C,01000000,35.95333333333333,138.10833333333332,1075,高遠,タカトオ,Takato,48556,
C,11112000,35.97,138.22,1017,原村,ハラムラ,Haramura,48561,長野県
C,11112000,35.94833333333333,138.47166666666666,1350,野辺山,ノベヤマ,Nobeyama,48571,長野県
C,01000000,35.87166666666667,137.50333333333333,2195,御嶽山,オンタケサン,Mt.Ontakesan,48601,
C,11112010,35.84,137.68833333333333,750,木曽福島,キソフクシマ,Kiso-Fukushima,48606,長野県
C,11112000,35.825,137.955,633,伊那,イナ,Ina,48621,長野県
C,01000000,35.77333333333333,137.885,1660,宮田高原,ミヤダコウゲン,Miyata Highlands,48681,
C,01000000,35.72666666666667,138.09333333333333,905,杉島,スギシマ,Sugishima,48691,
C,01000000,35.69833333333333,137.69166666666666,535,須原,スハラ,Suhara,48716,
C,11112000,35.61,137.62,560,南木曽,ナギソ,Nagiso,48717,長野県
C,11112000,35.653333333333336,137.89833333333334,728,飯島,イイジマ,Iijima,48731,長野県
C,01000000,35.556666666666665,138.04,718,大鹿,オオシカ,Oshika,48737,
B,11111111,35.52333333333333,137.82166666666666,516,飯田,イイダ,Iida,48767,長野県
C,11112000,35.373333333333335,137.69166666666666,940,浪合,ナミアイ,Namiai,48826,長野県
C,01000000,35.31333333333333,137.81166666666667,610,阿南,アナン,Anan,48836,
C,11112000,35.321666666666665,137.93166666666667,407,南信濃,ミナミシナノ,Minami-Shinano,48841,長野県
C,11112000,35.861666666666665,138.38666666666666,867,大泉,オオイズミ,Oizumi,49036,山梨県
C,01000000,35.806666666666665,138.655,1465,乙女湖,オトメコ,Lake Otome,49052,
C,11112000,35.693333333333335,138.44833333333332,341,韮崎,ニラサキ,Nirasaki,49086,山梨県
A,11111111,35.666666666666664,138.55333333333334,273,甲府,コウフ,Kofu,49142,山梨県
C,11112000,35.663333333333334,138.725,394,勝沼,カツヌマ,Katsunuma,49151,山梨県
C,11112010,35.608333333333334,138.93833333333333,364,大月,オオツキ,Otsuki,49161,山梨県
C,01000000,35.62,139.105,187,上野原,ウエノハラ,Uenohara,49172,
C,01000000,35.56166666666667,138.44833333333332,295,富士川,フジカワ,Fujikawa,49187,
C,11112000,35.528333333333336,138.615,552,古関,フルセキ,Furuseki,49196,山梨県
C,11112000,35.46666666666667,138.44166666666666,226,切石,キリイシ,Kiriishi,49236,山梨県
B,11111111,35.5,138.76,860,河口湖,カワグチコ,Lake Kawaguchi,49251,山梨県
C,11112000,35.43666666666667,138.83666666666667,992,山中,ヤマナカ,Yamanaka,49256,山梨県
C,11112010,35.288333333333334,138.445,141,南部,ナンブ,Nanbu,49316,山梨県
C,01000000,35.31166666666667,138.57833333333335,530,白糸,シライト,Shiraito,50056,
F,10001011,35.36,138.72666666666666,3775,富士山,フジサン,Mt.Fuji,50066,
C,11112010,35.21666666666667,138.22166666666666,755,井川,イカワ,Ikawa,50106,静岡県
C,01000000,35.20666666666666,138.36833333333334,585,有東木,ウトウギ,Utogi,50112,
C,11112010,35.305,138.92666666666668,472,御殿場,ゴテンバ,Gotenba,50136,静岡県
C,11112010,35.185,138.66333333333333,66,富士,フジ,Fuji,50196,静岡県
B,11111011,35.11333333333334,138.925,21,三島,ミシマ,Mishima,50206,静岡県
C,11110000,35.115,139.08333333333334,144,熱海伊豆山,アタミイズサン,Atamiizusan,50211,静岡県
C,11112010,35.056666666666665,137.76166666666666,150,佐久間,サクマ,Sakuma,50226,静岡県
C,01000000,35.01166666666666,137.945,486,春野,ハルノ,Haruno,50232,
C,11112010,35.10166666666667,138.12833333333333,290,川根本町,カワネホンチョウ,Kawane-Honcho,50241,静岡県
C,01000000,35.04833333333333,138.24666666666667,160,鍵穴,カギアナ,Kagiana,50247,
C,11112010,35.053333333333335,138.52166666666668,3,清水,シミズ,Shimizu,50261,静岡県
B,11111011,35.045,139.09166666666667,67,網代,アジロ,Ajiro,50281,静岡県
C,01000000,34.958333333333336,137.73333333333332,375,熊,クマ,Kuma,50296,
C,01000000,34.975,138.19666666666666,415,高根山,タカネサン,Mt.Takane,50317,
A,11111111,34.975,138.40333333333334,14,静岡,シズオカ,Shizuoka,50331,静岡県
C,01000000,34.80166666666667,137.55666666666667,2,三ヶ日,ミッカビ,Mikkabi,50371,
C,11112010,34.89,137.81333333333333,61,天竜,テンリュウ,Tenryu,50386,静岡県
C,01000000,34.895,137.94,114,三倉,ミクラ,Mikura,50391,
C,01000000,34.876666666666665,138.76166666666666,92,土肥,トイ,Toi,50416,
C,01000000,34.9,138.925,165,湯ケ島,ユガシマ,Yugashima,50426,
C,01000000,34.87166666666667,139.02333333333334,1066,天城山,アマギサン,Mt.Amagi,50427,
B,11111011,34.75333333333333,137.71166666666667,46,浜松,ハママツ,Hamamatsu,50456,静岡県
C,01000000,34.76833333333333,137.995,32,掛川,カケガワ,Kakegawa,50466,
C,11112010,34.785,138.13833333333332,191,菊川牧之原,キクガワマキノハラ,Kikugawa-Makinohara,50476,静岡県
C,11110000,34.795,138.18833333333333,132,静岡空港,シズオカクウコウ：静岡空港,Shizuoka Airport,50477,静岡県
C,11112010,34.755,138.78333333333333,4,松崎,マツザキ,Matsuzaki,50491,静岡県
C,11112010,34.781666666666666,139.04833333333335,130,稲取,イナトリ,Inatori,50506,静岡県
C,11112010,34.69166666666667,137.88,1,磐田,イワタ,Iwata,50536,静岡県
B,11111011,34.60333333333333,138.21333333333334,45,御前崎,オマエザキ,Omaezaki,50551,静岡県
B,11111011,34.60333333333333,138.84166666666667,52,石廊崎,イロウザキ,Irozaki,50561,静岡県
C,01000000,35.29833333333333,136.85333333333332,11,一宮,イチノミヤ,Ichinomiya,51011,
C,11112010,35.21666666666667,136.69833333333332,5,愛西,アイサイ,Aisai,51031,愛知県
C,01000000,35.22833333333333,137.285,290,小原,オバラ,Obara,51056,
C,11112010,35.211666666666666,137.50666666666666,505,稲武,イナブ,Inabu,51071,愛知県
C,01000000,35.22,137.66,1216,茶臼山,チャウスヤマ,Mt. Chyausu,51077,
C,01000000,35.13666666666666,136.79166666666666,2,蟹江,カニエ,Kanie,51096,
A,11111111,35.166666666666664,136.965,51,名古屋,ナゴヤ,Nagoya,51106,愛知県
C,11112010,35.13166666666667,137.17666666666668,75,豊田,トヨタ,Toyota,51116,愛知県
C,11112010,34.995,136.94333333333333,32,大府,オオブ,Obu,51216,愛知県
C,01000000,35.07833333333333,137.41333333333333,613,阿蔵,アゾウ,Azo,51192,
C,11112010,34.91833333333334,137.19333333333333,47,岡崎,オカザキ,Okazaki,51226,愛知県
C,01000000,34.97666666666667,137.425,532,作手,ツクデ,Tsukude,51241,
C,11112010,34.906666666666666,137.51833333333335,53,新城,シンシロ,Shinshiro,51247,愛知県
C,11110000,34.858333333333334,136.805,4,セントレア,セントレア：中部国際空港,Centrair,51261,愛知県
C,01000000,34.81166666666667,137.02833333333334,12,一色,イッシキ,Isshiki,51271,
C,11112010,34.845,137.21666666666667,55,蒲郡,ガマゴオリ,Gamagori,51281,愛知県
C,11112010,34.74,136.93833333333333,16,南知多,ミナミチタ,Minamichita,51311,愛知県
C,11112010,34.75,137.34166666666667,3,豊橋,トヨハシ,Toyohashi,51331,愛知県
B,11111011,34.62833333333333,137.09333333333333,6,伊良湖,イラコ,Irako,51346,愛知県
C,01000000,34.626666666666665,137.22166666666666,45,田原,タハラ,Tahara,51356,
C,11112100,36.305,137.1,471,河合,カワイ,Kawai,52041,岐阜県
C,11112100,36.321666666666665,137.30833333333334,455,神岡,カミオカ,Kamioka,52051,岐阜県
C,11112100,36.27333333333333,136.89666666666668,478,白川,シラカワ,Shirakawa,52081,岐阜県
C,11112000,36.248333333333335,137.50333333333333,765,栃尾,トチオ,Tochio,52111,岐阜県
C,01000000,36.14666666666667,136.90833333333333,640,御母衣,ミボロ,Miboro,52131,
C,01000000,36.18,137.045,740,清見,キヨミ,Kiyomi,52137,
B,11111111,36.155,137.25333333333333,560,高山,タカヤマ,Takayama,52146,岐阜県
C,01000000,36.18666666666667,137.37166666666667,910,丹生川,ニュウカワ,Nyukawa,52152,
C,01000000,36.01,136.89333333333335,885,ひるがの,ヒルガノ,Hirugano,52173,
C,11112000,36.06,137.035,1015,六厩,ムマヤ,Mumaya,52181,岐阜県
C,01000000,36.035,137.26,880,船山,フナヤマ,Mt.Funayama,52192,
C,11112000,36.015,137.38833333333332,930,宮之前,ミヤノマエ,Miyanomae,52196,岐阜県
C,11112110,35.92333333333333,136.83166666666668,430,長滝,ナガタキ,Nagataki,52221,岐阜県
C,11112010,35.888333333333335,137.20666666666668,425,萩原,ハギワラ,Hagiwara,52286,岐阜県
C,01000000,35.723333333333336,136.78333333333333,351,関市板取,セキシイタドリ,"Itadori, Seki City",52321,
C,11112000,35.75666666666667,136.97833333333332,271,八幡,ハチマン,Hachiman,52331,岐阜県
C,11112000,35.763333333333335,137.28833333333333,450,宮地,ミヤジ,Miyaji,52346,岐阜県
C,11112110,35.638333333333335,136.60166666666666,190,樽見,タルミ,Tarumi,52381,岐阜県
C,11112000,35.66166666666667,137.16,233,金山,カナヤマ,Kanayama,52406,岐阜県
C,01000000,35.66166666666667,137.42666666666668,461,付知,ツケチ,Tsukechi,52421,
C,11112000,35.555,136.91,68,美濃,ミノ,Mino,52461,岐阜県
C,01000000,35.515,137.23,650,伽藍,ガラン,Garan,52476,
C,11112000,35.598333333333336,137.31833333333333,517,黒川,クロカワ,Kurokawa,52482,岐阜県
C,11112000,35.485,136.56666666666666,45,揖斐川,イビガワ,Ibigawa,52511,岐阜県
C,11112000,35.445,137.005,74,美濃加茂,ミノカモ,Minokamo,52536,岐阜県
C,11112000,35.446666666666665,137.40333333333334,315,恵那,エナ,Ena,52556,岐阜県
C,11112000,35.47666666666667,137.48666666666668,378,中津川,ナカツガワ,Nakatsugawa,52557,岐阜県
C,11112110,35.36333333333334,136.46666666666667,130,関ケ原,セキガハラ,Sekigahara,52571,岐阜県
C,11112000,35.346666666666664,136.62,6,大垣,オオガキ,Ogaki,52581,岐阜県
A,11111111,35.4,136.76166666666666,13,岐阜,ギフ,Gifu,52586,岐阜県
C,11112000,35.346666666666664,137.10833333333332,120,多治見,タジミ,Tajimi,52606,岐阜県
C,01000000,35.24666666666667,136.45833333333334,193,上石津,カミイシヅ,Kamiishizu,52642,
C,01000000,35.14333333333333,136.53833333333333,125,北勢,ホクセイ,Hokusei,53016,
C,11112010,35.05,136.69333333333333,3,桑名,クワナ,Kuwana,53041,三重県
B,11111011,34.94,136.58,55,四日市,ヨッカイチ,Yokkaichi,53061,三重県
C,11112010,34.87,136.45333333333335,70,亀山,カメヤマ,Kameyama,53091,三重県
B,11111011,34.76166666666667,136.14166666666668,159,上野,ウエノ,Ueno,53112,三重県
C,01000000,34.725,136.30833333333334,810,笠取山,カサトリヤマ,Mt.Kasatori,53121,
A,11111111,34.733333333333334,136.51833333333335,3,津,ツ,Tsu,53133,三重県
C,01000000,34.626666666666665,136.10833333333332,226,名張,ナバリ,Nabari,53141,
C,01000000,34.625,136.32166666666666,60,白山,ハクサン,Hakusan,53151,
C,11112010,34.528333333333336,136.665,10,小俣,オバタ,Obata,53196,三重県
C,11112010,34.44833333333333,136.39,120,粥見,カユミ,Kayumi,53231,三重県
C,11112010,34.48166666666667,136.825,2,鳥羽,トバ,Toba,53257,三重県
C,01000000,34.32333333333333,136.48833333333334,560,藤坂峠,フジサカトウゲ,Fujisaka Pass,53287,
C,11112010,34.345,136.68166666666667,6,南伊勢,ミナミイセ,Minami-Ise,53296,三重県
C,01000000,34.30833333333333,136.87333333333333,31,阿児,アゴ,Ago,53307,
C,01000000,34.278333333333336,136.20833333333334,205,宮川,ミヤガワ,Miyagawa,53321,
C,11112010,34.208333333333336,136.32666666666665,3,紀伊長島,キイナガシマ,Kii-Nagashima,53326,三重県
B,11111011,34.068333333333335,136.19333333333333,15,尾鷲,オワセ,Owase,53378,三重県
C,11112010,33.931666666666665,136.13833333333332,23,熊野新鹿,クマノアタシカ,Kumano-Atashika,53401,三重県
C,01000000,33.85166666666667,135.98,130,御浜,ミハマ,Mihama,53416,
C,11112000,38.465,139.25333333333333,4,粟島,アワシマ,Awashima Island,54012,新潟県
C,11112000,38.33,138.51166666666666,58,弾崎,ハジキザキ,Hajikizaki,54041,新潟県
C,01000000,38.33,139.60333333333332,85,高根,タカネ,Takane,54056,
C,11112010,38.22666666666667,139.47833333333332,10,村上,ムラカミ,Murakami,54086,新潟県
C,01000000,38.24666666666667,139.605,45,三面,ミオモテ,Miomote,54097,
B,11111111,38.028333333333336,138.24,6,相川,アイカワ,Aikawa,54157,新潟県
C,11112000,38.07333333333333,138.44,2,両津,リョウツ,Ryotsu,54166,新潟県
C,11112000,38.07666666666667,139.38833333333332,14,中条,ナカジョウ,Nakajo,54181,新潟県
C,11112100,38.09166666666667,139.56333333333333,33,下関,シモセキ,Shimoseki,54191,新潟県
A,11111111,37.89333333333333,139.01833333333335,4,新潟,ニイガタ,Niigata,54232,新潟県
C,11110100,37.955,139.11166666666668,1,松浜,マツハマ：新潟空港,Matsuhama,54236,新潟県
C,11112000,37.84166666666667,138.31333333333333,11,羽茂,ハモチ,Hamochi,54271,新潟県
C,11112110,37.791666666666664,139.08666666666667,3,新津,ニイツ,Niitsu,54296,新潟県
C,01000000,37.833333333333336,139.23666666666668,9,瓢湖,ヒョウコ,Hyoko,54301,
C,01000000,37.835,139.415,135,赤谷,アカダニ,Akadani,54311,
C,11112000,37.76833333333333,138.91333333333333,2,巻,マキ,Maki,54341,新潟県
C,11112000,37.64,138.76666666666668,44,寺泊,テラドマリ,Teradomari,54387,新潟県
C,11112000,37.64,138.955,9,三条,サンジョウ,Sanjo,54396,新潟県
C,01000000,37.696666666666665,139.18833333333333,25,村松,ムラマツ,Muramatsu,54406,
C,11112100,37.67166666666667,139.44666666666666,100,津川,ツガワ,Tsugawa,54421,新潟県
C,01000000,37.58,139.14,125,宮寄上,ミヤヨリカミ,Miyayorikami,54462,
C,01000000,37.55,139.37,200,室谷,ムロヤ,Muroya,54472,
C,11112100,37.45,138.82333333333332,23,長岡,ナガオカ,Nagaoka,54501,新潟県
C,01000000,37.475,138.99166666666667,83,栃尾,トチオ,Tochio,54506,
C,11112110,37.35166666666667,138.55333333333334,7,柏崎,カシワザキ,Kashiwazaki,54541,新潟県
C,11112100,37.346666666666664,139.04333333333332,222,守門,スモン,Sumon,54566,新潟県
C,11112010,37.225,138.325,13,大潟,オオガタ,Ogata,54586,新潟県
C,01000000,37.291666666666664,138.70166666666665,83,小国,オグニ,Oguni,54606,
C,11112100,37.22666666666667,138.96333333333334,98,小出,コイデ,Koide,54616,新潟県
C,01000000,37.205,139.06166666666667,240,大湯,オオユ,Oyu,54621,
B,11111111,37.10666666666667,138.24666666666667,13,高田,タカダ,Takada,54651,新潟県
C,11112100,37.10666666666667,138.45666666666668,126,安塚,ヤスヅカ,Yasuzuka,54661,新潟県
C,01000000,37.2,138.51666666666668,206,川谷,カワダニ,Kawadani,54666,
C,01000000,37.13166666666667,138.60666666666665,210,松代,マツダイ,Matsudai,54671,
C,11112100,37.14333333333333,138.72666666666666,170,十日町,トオカマチ,Tokamachi,54676,新潟県
C,11112000,37.04333333333334,137.875,8,糸魚川,イトイガワ,Itoigawa,54711,新潟県
C,11112100,37.083333333333336,138.02333333333334,55,能生,ノウ,Nou,54721,新潟県
C,01000000,37.03,138.34333333333333,255,筒方,ドウガタ,Dogata,54737,
C,01000000,37.038333333333334,138.84666666666666,195,塩沢,シオザワ,Shiozawa,54761,
C,11112100,36.93333333333333,138.22166666666666,350,関山,セキヤマ,Sekiyama,54816,新潟県
C,11112100,36.99666666666667,138.68333333333334,452,津南,ツナン,Tsunan,54836,新潟県
C,11112100,36.94166666666667,138.81,340,湯沢,ユザワ,Yuzawa,54841,新潟県
C,01000000,36.88,137.86666666666667,281,平岩,ヒライワ,Hiraiwa,54876,
C,01000000,36.89,138.275,633,樽本,タルモト,Tarumoto,54892,
C,11112110,36.93666666666667,137.56333333333333,43,朝日,アサヒ,Asahi,55022,富山県
C,11112100,36.86333333333333,136.96,7,氷見,ヒミ,Himi,55041,富山県
C,11112110,36.821666666666665,137.42833333333334,48,魚津,ウオヅ,Uozu,55056,富山県
C,01000000,36.846666666666664,137.55666666666667,160,宇奈月,ウナヅキ,Unazuki,55063,
B,11111111,36.791666666666664,137.055,12,伏木,フシキ,Fushiki,55091,富山県
A,11111111,36.708333333333336,137.20166666666665,9,富山,トヤマ,Toyama,55102,富山県
C,11112110,36.61,136.955,69,砺波,トナミ,Tonami,55141,富山県
C,11110100,36.64833333333333,137.18666666666667,24,秋ヶ島,アキガシマ：富山空港,Akigashima,55151,富山県
C,01000000,36.608333333333334,137.28333333333333,128,大山,オオヤマ,Oyama,55156,
C,11112000,36.67,137.42333333333335,296,上市,カミイチ,Kamiichi,55166,富山県
C,11112000,36.545,136.87166666666667,91,南砺高宮,ナントタカミヤ,Nanto-Takamiya,55191,富山県
C,11112010,36.57,137.15833333333333,124,八尾,ヤツオ,Yatsuo,55206,富山県
C,01000000,36.57666666666667,137.385,379,立山芦峅,タテヤマアシクラ,Tateyama-Ashikura,55217,
C,01000000,36.43,136.94166666666666,357,五箇山,ゴカヤマ,Gokayama,55252,
C,01000100,36.473333333333336,137.23666666666668,215,猪谷,イノタニ,Inotani,55267,
C,11112110,37.446666666666665,137.28666666666666,4,珠洲,スズ,Suzu,56036,石川県
B,11111111,37.39,136.895,5,輪島,ワジマ,Wajima,56052,石川県
C,01000000,37.26166666666666,136.72833333333332,11,門前,モンゼン,Monzen,56081,
C,11110000,37.29333333333334,136.96166666666667,219,三井,ミイ：能登空港,Mii,56093,石川県
C,11112010,37.14333333333333,136.725,6,志賀,シカ,Shika,56116,石川県
C,11112110,37.03,136.99166666666667,58,七尾,ナナオ,Nanao,56146,石川県
C,11112010,36.89333333333333,136.77666666666667,15,羽咋,ハクイ,Hakui,56176,石川県
C,11112000,36.711666666666666,136.69166666666666,42,かほく,カホク,Kahoku,56186,石川県
C,01000000,36.788333333333334,136.76833333333335,90,宝達志水,ホウダツシミズ,Hodatsu-Shimizu,56192,
A,11111111,36.58833333333333,136.63333333333333,6,金沢,カナザワ,Kanazawa,56227,石川県
C,01000000,36.52,136.745,420,医王山,イオウゼン,Mt Io,56232,
C,11112000,36.38166666666667,136.435,3,小松,コマツ,Komatsu,56276,石川県
C,11112100,36.39666666666667,136.62,136,白山河内,ハクサンカワチ,Hakusan-kawachi,56286,石川県
C,11112100,36.26166666666666,136.39666666666668,65,加賀中津原,カガナカツハラ,Kaga-Nakatsuhara,56301,石川県
C,01000000,36.18,136.625,470,白山白峰,ハクサンシラミネ,Hakusan-Shiramine,56346,
C,01000000,37.85,136.91833333333332,8,舳倉島,ヘグラジマ,Hegurajima Island,56401,
C,11112000,36.24333333333333,136.17333333333335,34,三国,ミクニ,Mikuni,57001,福井県
C,11110000,36.141666666666666,136.22333333333333,5,春江,ハルエ：福井空港,Harue,57026,福井県
C,11112010,36.01166666666666,135.99,30,越廼,コシノ,Koshino,57051,福井県
A,11111111,36.055,136.22166666666666,9,福井,フクイ,Fukui,57066,福井県
C,01000000,35.998333333333335,136.35833333333332,70,美山,ミヤマ,Miyama,57071,
C,11112000,36.038333333333334,136.52166666666668,196,勝山,カツヤマ,Katsuyama,57082,福井県
C,01000100,35.905,136.17333333333335,32,武生,タケフ,Takefu,57106,
C,11112100,35.971666666666664,136.49666666666667,182,大野,オオノ,Ohno,57121,福井県
C,01000100,35.90833333333333,136.66833333333332,436,九頭竜,クズリュウ,Kuzuryu,57176,
C,11112100,35.766666666666666,136.2,128,今庄,イマジョウ,Imajo,57206,福井県
B,11111111,35.653333333333336,136.06166666666667,2,敦賀,ツルガ,Tsuruga,57248,福井県
C,11112000,35.6,135.91666666666666,10,美浜,ミハマ,Mihama,57286,福井県
C,01000000,35.48,135.61666666666667,3,大飯,オオイ,Oi,57311,
C,11112110,35.483333333333334,135.78166666666667,10,小浜,オバマ,Obama,57317,福井県
C,01000100,35.58166666666666,136.18833333333333,220,柳ケ瀬,ヤナガセ,Yanagase,60026,
C,11112110,35.41166666666667,136.02833333333334,88,今津,イマヅ,Imazu,60051,滋賀県
C,11112010,35.42333333333333,136.24166666666667,95,長浜,ナガハマ,Nagahama,60061,滋賀県
C,01000000,35.30833333333333,135.83,380,朽木平良,クツキヘラ,Kutsuki-Hera,60081,
C,11112110,35.38333333333333,136.34333333333333,147,米原,マイバラ,Maibara,60102,滋賀県
C,11112010,35.235,135.95666666666668,90,南小松,ミナミコマツ,Minami-Komatsu,60116,滋賀県
A,11111111,35.275,136.24333333333334,87,彦根,ヒコネ,Hikone,60131,滋賀県
C,01000000,35.126666666666665,136.09166666666667,90,近江八幡,オウミハチマン,Omi-Hachiman,60161,
C,11112010,35.06166666666667,136.19,128,東近江,ヒガシオウミ,Higashi-Omi,60196,滋賀県
C,11112110,34.99166666666667,135.91166666666666,86,大津,オオツ,Otsu,60216,滋賀県
C,11112010,34.913333333333334,136.08,265,信楽,シガラキ,Shigaraki,60226,滋賀県
C,11112010,34.93833333333333,136.27833333333334,248,土山,ツチヤマ,Tsuchiyama,60236,滋賀県
C,11112010,35.736666666666665,135.08666666666667,42,間人,タイザ,Taiza,61001,京都府
C,01000100,35.61833333333333,135.07166666666666,23,峰山,ミネヤマ,Mineyama,61031,
C,11112010,35.55,135.235,2,宮津,ミヤヅ,Miyazu,61076,京都府
B,11111111,35.45,135.31666666666666,2,舞鶴,マイヅル,Maizuru,61111,京都府
C,01000000,35.41833333333334,135.08666666666667,223,坂浦,サカウラ,Sakaura,61096,
C,01000000,35.38166666666667,135.45333333333335,175,睦寄,ムツヨリ,Mutsuyori,61151,
C,11112010,35.31166666666667,135.11333333333334,17,福知山,フクチヤマ,Fukuchiyama,61187,京都府
C,01000000,35.21666666666667,135.23166666666665,105,三和,ミワ,Miwa,61192,
C,01000000,35.29666666666667,135.315,87,綾部山家,アヤベヤマガ,Ayabe-Yamaga,61196,
C,01000000,35.26,135.395,95,本庄,ホンジョウ,Honjo,61201,
C,11112110,35.275,135.55,200,美山,ミヤマ,Miyama,61206,京都府
C,01000000,35.17666666666667,135.42,150,須知,シュウチ,Shuchi,61241,
C,11112010,35.108333333333334,135.455,134,園部,ソノベ,Sonobe,61242,京都府
C,01000000,35.181666666666665,135.66166666666666,260,京北,ケイホク,Keihoku,61251,
A,11111111,35.013333333333335,135.73166666666665,41,京都,キョウト,Kyoto,61286,京都府
C,01000000,34.93,135.67833333333334,71,長岡京,ナガオカキョウ,Nagaokakyo,61306,
C,11112010,34.83,135.76,20,京田辺,キョウタナベ,Kyotanabe,61326,京都府
C,11112010,34.94833333333333,135.455,235,能勢,ノセ,Nose,62016,大阪府
C,01000000,34.86,135.56,78,茨木,イバラキ,Ibaraki,62037,
C,11112010,34.80833333333333,135.67166666666665,26,枚方,ヒラカタ,Hirakata,62046,大阪府
C,11110000,34.78333333333333,135.43833333333333,12,豊中,トヨナカ：大阪国際空港,Toyonaka,62051,大阪府
A,11111111,34.681666666666665,135.51833333333335,23,大阪,オオサカ,Osaka,62078,大阪府
C,11112010,34.675,135.67666666666668,626,生駒山,イコマヤマ,Mt.Ikoma,62081,大阪府
C,11112010,34.555,135.485,20,堺,サカイ,Sakai,62091,大阪府
C,11110000,34.596666666666664,135.6,10,八尾,ヤオ：八尾空港,Yao,62096,大阪府
C,11110000,34.43333333333333,135.23166666666665,5,関空島,カンクウジマ：関西国際空港,Kanku Island,62101,大阪府
C,01000000,34.42333333333333,135.54333333333332,160,河内長野,カワチナガノ,Kawachi-Nagano,62111,
C,11112010,34.385,135.35,68,熊取,クマトリ,Kumatori,62131,大阪府
C,11112110,35.625,134.62666666666667,5,香住,カスミ,Kasumi,63016,兵庫県
C,01000000,35.528333333333336,134.48,233,温泉,オンセン,Onsen,63032,
B,11111111,35.535,134.82166666666666,3,豊岡,トヨオカ,Toyooka,63051,兵庫県
C,11112110,35.431666666666665,134.58333333333334,540,兎和野高原,ウワノコウゲン,Uwano Highlands,63071,兵庫県
C,01000000,35.33166666666666,134.665,150,大屋,オオヤ,Oya,63111,
C,01000000,35.39833333333333,134.74,183,八鹿,ヨウカ,Yoka,63116,
C,11112110,35.32333333333333,134.84833333333333,80,和田山,ワダヤマ,Wadayama,63121,兵庫県
C,11112010,35.166666666666664,134.79166666666666,320,生野,イクノ,Ikuno,63201,兵庫県
C,11112010,35.13666666666666,135.065,98,柏原,カイバラ,Kaibara,63216,兵庫県
C,01000000,35.016666666666666,134.36833333333334,120,佐用,サヨウ,Sayo,63241,
C,11112010,35.096666666666664,134.585,195,一宮,イチノミヤ,Ichinomiya,63251,兵庫県
C,11112010,34.95,134.74833333333333,72,福崎,フクサキ,Fukusaki,63321,兵庫県
C,11112010,34.998333333333335,134.99666666666667,72,西脇,ニシワキ,Nishiwaki,63331,兵庫県
C,01000000,35.025,135.29333333333332,330,後川,シツカワ,Shitsukawa,63346,
C,11112010,34.858333333333334,134.37333333333333,20,上郡,カミゴオリ,Kamigori,63366,兵庫県
B,11111011,34.83833333333333,134.67,38,姫路,ヒメジ,Himeji,63383,兵庫県
C,11112010,34.895,135.21166666666667,150,三田,サンダ,Sanda,63411,兵庫県
C,11112010,34.776666666666664,135.01333333333332,145,三木,ミキ,Miki,63461,兵庫県
C,01000000,34.75,135.335,38,西宮,ニシノミヤ,Nishinomiya,63477,
C,11112010,34.67166666666667,134.52666666666667,88,家島,イエシマ,Ieshima,63491,兵庫県
C,11112010,34.68666666666667,134.87666666666667,3,明石,アカシ,Akashi,63496,兵庫県
C,11110000,34.63166666666667,135.22333333333333,5,神戸空港,コウベクウコウ：神戸空港,Kobe Airport,63517,兵庫県
A,11111111,34.696666666666665,135.21166666666667,5,神戸,コウベ,Kobe,63518,兵庫県
C,11112010,34.46666666666667,134.84833333333333,5,郡家,グンゲ,Gunge,63551,兵庫県
B,11111011,34.31,134.84833333333333,69,洲本,スモト,Sumoto,63571,兵庫県
C,11112010,34.218333333333334,134.72,5,南淡,ナンダン,Nandan,63588,兵庫県
A,11111111,34.67333333333333,135.83666666666667,102,奈良,ナラ,Nara,64036,奈良県
C,11112010,34.605,135.95166666666665,468,針,ハリ,Hari,64041,奈良県
C,01000000,34.555,135.785,50,田原本,タワラモト,Tawaramoto,64056,
C,01000000,34.52166666666667,136.15833333333333,610,曽爾,ソニ,Soni,64076,
C,01000000,34.48833333333334,135.70333333333335,141,葛城,カツラギ,Katsuragi,64091,
C,11112010,34.48833333333334,135.93166666666667,349,大宇陀,オオウダ,Ouda,64101,奈良県
C,11112010,34.38,135.73,190,五條,ゴジョウ,Gojo,64127,奈良県
C,01000000,34.37833333333333,135.9,188,吉野,ヨシノ,Yoshino,64136,
C,01000000,34.27,135.88333333333333,840,天川,テンカワ,Tenkawa,64161,
C,11112010,34.13666666666666,136.005,334,上北山,カミキタヤマ,Kamikitayama,64206,奈良県
C,11112010,34.045,135.78666666666666,301,風屋,カゼヤ,Kazeya,64227,奈良県
C,01000000,34.00333333333333,135.96666666666667,249,下北山,シモキタヤマ,Shimokitayama,64236,
C,01000000,33.95333333333333,135.85666666666665,396,葛川,クズカワ,Kuzukawa,64262,
C,01000000,34.346666666666664,135.43666666666667,840,葛城山,カツラギサン,Mt.Katsuragi,65021,
C,11112010,34.31,135.52833333333334,142,かつらぎ,カツラギ,Katsuragi,65026,和歌山県
C,11112010,34.28,134.99833333333333,44,友ケ島,トモガシマ,Tomogashima Island,65036,和歌山県
A,11111111,34.22833333333333,135.16333333333333,14,和歌山,ワカヤマ,Wakayama,65042,和歌山県
C,11112010,34.221666666666664,135.59,801,高野山,コウヤサン,Koyasan,65061,和歌山県
C,01000000,34.035,135.18166666666667,8,湯浅,ユアサ,Yuasa,65106,
C,11112010,34.086666666666666,135.425,240,清水,シミズ,Shimizu,65121,和歌山県
C,01000000,34.04,135.56666666666666,1130,護摩壇山,ゴマダンザン,Mt.Goma-Danzan,65127,
C,11112010,33.945,135.55666666666667,410,龍神,リュウジン,Ryujin,65162,和歌山県
C,11112010,33.89333333333333,135.21666666666667,84,川辺,カワベ,Kawabe,65201,和歌山県
C,01000000,33.836666666666666,135.77333333333334,60,本宮,ホングウ,Hongu,65226,
C,11112010,33.791666666666664,135.51333333333332,160,栗栖川,クリスガワ,Kurisugawa,65256,和歌山県
C,11112010,33.68666666666667,135.97,18,新宮,シングウ,Shingu,65276,和歌山県
C,11110000,33.66166666666667,135.36333333333334,89,南紀白浜,ナンキシラハマ：南紀白浜空港,Nanki-Shirahama,65288,和歌山県
C,11112010,33.638333333333335,135.71,150,西川,ニシカワ,Nishikawa,65306,和歌山県
C,01000000,33.675,135.84833333333333,275,色川,イロカワ,Irokawa,65311,
C,01000000,33.605,135.48,17,日置川,ヒキガワ,Hikigawa,65321,
B,11111011,33.45,135.75666666666666,68,潮岬,シオノミサキ,Cape Shiono,65356,和歌山県
C,11112110,35.29666666666667,133.725,430,上長田,カミナガタ,Kaminagata,66046,岡山県
C,01000000,35.3,133.98666666666668,734,恩原,オンバラ,Onbara,66056,
C,11112110,35.10333333333333,133.435,525,千屋,チヤ,Chiya,66091,岡山県
C,01000000,35.178333333333335,133.805,480,富,トミ,Tomi,66112,
C,11112010,35.111666666666665,134.17,212,奈義,ナギ,Nagi,66127,岡山県
C,11112110,35.098333333333336,134.325,207,今岡,イマオカ,Imaoka,66136,岡山県
C,11112010,35.068333333333335,133.75333333333333,144,久世,クセ,Kuse,66171,岡山県
B,11111111,35.06333333333333,134.00833333333333,146,津山,ツヤマ,Tsuyama,66186,岡山県
C,11112010,34.943333333333335,133.51833333333335,393,新見,ニイミ,Niimi,66221,岡山県
C,01000000,34.965,133.62833333333333,180,下呰部,シモアザエ,Shimoazae,66226,
C,01000000,34.961666666666666,133.81166666666667,230,旭西,アサヒニシ,Asahinishi,66237,
C,01000000,34.91833333333334,134.08166666666668,56,赤磐,アカイワ,Akaiwa,66251,
C,01000000,34.82833333333333,133.52333333333334,529,陣山,ジンヤマ,Mt.Jinyama,66276,
C,01000000,34.81666666666667,133.705,340,吉備中央,キビチュウオウ,Kibi-Chuo,66287,
C,11112010,34.86666666666667,133.90333333333334,63,福渡,フクワタリ,Fukuwatari,66296,岡山県
C,11112010,34.815,134.18333333333334,35,和気,ワケ,Wake,66306,岡山県
C,11112010,34.791666666666664,133.61,60,高梁,タカハシ,Takahashi,66336,岡山県
C,11110000,34.75666666666667,133.855,239,日応寺,ニチオウジ：岡山空港,Nichioji,66346,岡山県
C,01000000,34.685,133.445,390,佐屋,サヤ,Saya,66381,
C,01000000,34.61666666666667,133.61833333333334,18,矢掛,ヤカゲ,Yakage,66391,
A,11111111,34.685,133.925,5,岡山,オカヤマ,Okayama,66408,岡山県
C,11112010,34.681666666666665,134.20666666666668,10,虫明,ムシアゲ,Mushiage,66421,岡山県
C,11112010,34.59,133.76833333333335,3,倉敷,クラシキ,Kurashiki,66446,岡山県
C,11112010,34.501666666666665,133.495,0,笠岡,カサオカ,Kasaoka,66481,岡山県
C,11112010,34.486666666666665,133.95,2,玉野,タマノ,Tamano,66501,岡山県
C,11112110,35.03333333333333,132.90166666666667,570,高野,タカノ,Takano,67016,広島県
C,01000000,35.056666666666665,133.18833333333333,729,道後山,ドウゴヤマ,Mt.Dogo,67026,
C,01000000,34.928333333333335,132.83,304,君田,キミタ,Kimita,67052,
C,11112010,34.81166666666667,132.85,159,三次,ミヨシ,Miyoshi,67106,広島県
C,11112010,34.86,133.02333333333334,300,庄原,ショウバラ,Shobara,67116,広島県
C,01000000,34.895,133.27666666666667,310,東城,トウジョウ,Tojo,67126,
C,01000100,34.708333333333336,132.17333333333335,774,八幡,ヤワタ,Yawata,67136,
C,11112110,34.76833333333333,132.46333333333334,399,大朝,オオアサ,Oasa,67151,広島県
C,01000000,34.721666666666664,132.655,318,美土里,ミドリ,Midori,67161,
C,11112010,34.763333333333335,133.27833333333334,510,油木,ユキ,Yuki,67191,広島県
C,01000000,34.69833333333333,132.31166666666667,525,王泊,オオドマリ,Odomari,67211,
C,11112010,34.61,132.32,210,加計,カケ,Kake,67212,広島県
C,01000000,34.64666666666667,132.44333333333333,400,都志見,ツシミ,Tsushimi,67217,
C,01000000,34.695,132.76,185,甲田,コウダ,Koda,67231,
C,01000000,34.693333333333335,133.11666666666667,384,上下,ジョウゲ,Joge,67251,
C,01000000,34.596666666666664,132.17666666666668,987,内黒山,ウチグロヤマ,Mt.Uchiguro,67271,
C,11112010,34.545,132.53,70,三入,ミイリ,Miiri,67292,広島県
C,01000000,34.56666666666667,132.83833333333334,363,安宿,アスカ,Asuka,67306,
C,11112010,34.583333333333336,133.05,350,世羅,セラ,Sera,67316,広島県
C,11112010,34.56166666666667,133.23166666666665,70,府中,フチュウ,Fuchu,67326,広島県
C,01000000,34.498333333333335,132.29,206,佐伯湯来,サエキユキ,Saeki-Yuki,67351,
C,01000000,34.498333333333335,132.66,215,志和,シワ,Shiwa,67371,
C,11112010,34.416666666666664,132.7,224,東広島,ヒガシヒロシマ,Higashi-Hiroshima,67376,広島県
C,11110000,34.435,132.91833333333332,331,本郷,ホンゴウ：広島空港,Hongo,67386,広島県
B,11111011,34.446666666666665,133.24666666666667,2,福山,フクヤマ,Fukuyama,67401,広島県
C,11112010,34.365,132.19,317,廿日市津田,ハツカイチツタ,Hatsukaichi-Tsuta,67421,広島県
A,11111111,34.39833333333333,132.46166666666667,4,広島,ヒロシマ,Hiroshima,67437,広島県
C,11112010,34.33,132.98166666666665,5,竹原,タケハラ,Takehara,67461,広島県
C,11112010,34.278333333333336,133.12333333333333,3,生口島,イクチジマ,Ikuchijima  Island,67471,広島県
C,11112010,34.221666666666664,132.22,1,大竹,オオタケ,Otake,67496,広島県
B,11111011,34.24,132.55,4,呉,クレ,Kure,67511,広島県
C,01000000,34.09166666666667,132.48833333333334,3,倉橋,クラハシ,Kurahashi,67566,
C,11112010,34.165,132.74833333333333,48,呉市蒲刈,クレシカマガリ,"Kamagari, Kure City",67576,広島県
B,11111111,36.20333333333333,133.33333333333334,27,西郷,サイゴウ,Saigo,68022,島根県
C,11110000,36.178333333333335,133.32333333333332,80,西郷岬,サイゴウミサキ：隠岐空港,Cape Saigo,68046,島根県
C,11112010,36.096666666666664,133.09666666666666,3,海士,アマ,Ama,68056,島根県
C,11112010,35.52,132.98333333333332,3,鹿島,カシマ,Kashima,68091,島根県
C,11110100,35.413333333333334,132.89,2,斐川,ヒカワ：出雲空港,Hikawa,68121,島根県
A,11111111,35.45666666666666,133.065,17,松江,マツエ,Matsue,68132,島根県
C,11112010,35.33166666666666,132.73,20,出雲,イズモ,Izumo,68156,島根県
C,01000000,35.318333333333335,132.965,56,大東,ダイトウ,Daito,68166,
C,01000000,35.35,133.27333333333334,23,伯太,ハクタ,Hakuta,68181,
C,01000000,35.221666666666664,132.72333333333333,100,佐田,サダ,Sada,68206,
C,11112010,35.19,132.49666666666667,30,大田,オオダ,Oda,68246,島根県
C,11112010,35.196666666666665,132.815,215,掛合,カケヤ,Kakeya,68261,島根県
C,11112110,35.17333333333333,133.10333333333332,369,横田,ヨコタ,Yokota,68276,島根県
C,01000000,35.07,132.33333333333334,8,福光,フクミツ,Fukumitsu,68286,
C,11112110,35.001666666666665,132.71166666666667,444,赤名,アカナ,Akana,68306,島根県
C,01000000,34.95333333333333,132.33333333333334,32,桜江,サクラエ,Sakurae,68346,
C,11112010,34.97666666666667,132.49166666666667,132,川本,カワモト,Kawamoto,68351,島根県
B,11111011,34.89666666666667,132.07,19,浜田,ハマダ,Hamada,68376,島根県
C,11112110,34.85333333333333,132.53,327,瑞穂,ミズホ,Mizuho,68401,島根県
C,01000000,34.795,131.94833333333332,9,三隅,ミスミ,Misumi,68421,
C,11112110,34.776666666666664,132.10833333333332,380,弥栄,ヤサカ,Yasaka,68431,島根県
C,01000000,34.78,132.19666666666666,370,波佐,ハザ,Haza,68436,
C,11110000,34.675,131.79,54,高津,タカツ：石見空港,Takatsu,68456,島根県
C,11112010,34.67666666666667,131.84333333333333,4,益田,マスダ,Masuda,68462,島根県
C,01000000,34.571666666666665,132.01666666666668,259,匹見,ヒキミ,Hikimi,68501,
C,11112010,34.461666666666666,131.77,165,津和野,ツワノ,Tsuwano,68516,島根県
C,11112010,34.391666666666666,131.89333333333335,250,吉賀,ヨシカ,Yoshika,68541,島根県
B,11111111,35.54333333333334,133.235,2,境,サカイ,Sakai,69006,鳥取県
C,11112010,35.52333333333333,133.56666666666666,15,塩津,シオツ,Shiotsu,69021,鳥取県
C,11112010,35.52,133.99666666666667,13,青谷,アオヤ,Aoya,69041,鳥取県
C,11110000,35.53,134.165,15,湖山,コヤマ：鳥取空港,Koyama,69052,鳥取県
C,11112010,35.55833333333333,134.36,19,岩井,イワイ,Iwai,69061,鳥取県
B,11111111,35.43333333333333,133.33833333333334,7,米子,ヨナゴ,Yonago,69076,鳥取県
C,11112110,35.473333333333336,133.83833333333334,8,倉吉,クラヨシ,Kurayoshi,69101,鳥取県
C,01000000,35.413333333333334,134.01666666666668,210,鹿野,シカノ,Shikano,69111,
A,11111111,35.486666666666665,134.23833333333334,7,鳥取,トットリ,Tottori,69122,鳥取県
C,01000100,35.39333333333333,133.53666666666666,875,大山,ダイセン,Mt.Daisen,69152,
C,01000000,35.37833333333333,133.75666666666666,150,関金,セキガネ,Sekigane,69161,
C,01000000,35.32833333333333,134.11333333333334,210,佐治,サジ,Saji,69181,
C,01000000,35.333333333333336,134.405,231,若桜,ワカサ,Wakasa,69196,
C,01000000,35.288333333333334,133.48333333333332,155,江尾,エビ,Ebi,69222,
C,11112110,35.263333333333335,134.24,182,智頭,チズ,Chizu,69246,鳥取県
C,11112010,35.18666666666667,133.23,490,茶屋,チャヤ,Chaya,69271,鳥取県
C,11112010,34.02333333333333,133.795,214,池田,イケダ,Ikeda,71066,徳島県
C,11112010,34.04,134.15666666666667,160,穴吹,アナブキ,Anabuki,71087,徳島県
A,11111111,34.06666666666667,134.57333333333332,2,徳島,トクシマ,Tokushima,71106,徳島県
C,01000000,33.99,134.03666666666666,228,半田,ハンダ,Handa,71136,
C,11112010,33.86666666666667,133.90333333333334,532,京上,キョウジョウ,Kyojo,71191,徳島県
C,01000000,33.87833333333333,134.38833333333332,290,福原旭,フクハラアサヒ,Fukuhara-Asahi,71211,
C,11112010,33.836666666666666,134.74166666666667,10,蒲生田,カモダ,Kamoda,71231,徳島県
C,11112010,33.77166666666667,134.19833333333332,363,木頭,キトウ,Kito,71251,徳島県
C,11112010,33.73166666666667,134.53833333333333,3,日和佐,ヒワサ,Hiwasa,71266,徳島県
C,11112010,33.611666666666665,134.355,5,海陽,カイヨウ,Kaiyo,71291,徳島県
C,11112010,34.471666666666664,134.27333333333334,20,内海,ウチノミ,Uchinomi,72061,香川県
A,11111111,34.318333333333335,134.05333333333334,9,高松,タカマツ,Takamatsu,72086,香川県
B,11111011,34.275,133.75166666666667,4,多度津,タドツ,Tadotsu,72111,香川県
C,11112010,34.236666666666665,133.92333333333335,60,滝宮,タキノミヤ,Takinomiya,72121,香川県
C,11110000,34.21333333333333,134.015,185,香南,コウナン：高松空港,Konan,72126,香川県
C,11112010,34.21333333333333,134.40666666666667,12,引田,ヒケタ,Hiketa,72146,香川県
C,11112010,34.12,133.77166666666668,65,財田,サイタ,Saita,72161,香川県
C,01000000,34.11333333333334,134.05,1040,竜王山,リュウオウザン,Mt.Ryuo,72176,
C,11112010,34.25,133.00666666666666,9,大三島,オオミシマ,Omishima,73001,愛媛県
C,01000000,34.01833333333333,132.94,67,玉川,タマガワ,Tamagawa,73071,
C,11112010,34.053333333333335,132.975,27,今治,イマバリ,Imabari,73076,愛媛県
C,11112010,33.915,133.08,4,西条,サイジョウ,Saijo,73126,愛媛県
C,11112010,33.93666666666667,133.33833333333334,90,新居浜,ニイハマ,Niihama,73141,愛媛県
C,11112010,33.98166666666667,133.58166666666668,75,四国中央,シコクチュウオウ,Shikoku-Chuo,73151,愛媛県
C,01000000,33.915,133.51,310,富郷,トミサト,Tomisato,73152,
A,11111111,33.843333333333334,132.77666666666667,32,松山,マツヤマ,Matsuyama,73166,愛媛県
C,11110000,33.82666666666667,132.69833333333332,4,松山南吉田,マツヤマミナミヨシダ：松山空港,Matsuyama-Minamiyoshida,73168,愛媛県
C,01000000,33.73833333333333,132.89,460,上林,カミハヤシ,Kamihayashi,73231,
C,01000000,33.795,133.13166666666666,1280,成就社,ジョウジュシャ,Jojusha,73247,
C,11112010,33.61666666666667,132.48,4,長浜,ナガハマ,Nagahama,73256,愛媛県
C,01000000,33.638333333333335,132.70833333333334,163,中山,ナカヤマ,Nakayama,73271,
C,11112010,33.663333333333334,132.895,511,久万,クマ,Kuma,73276,愛媛県
C,11112010,33.50833333333333,132.535,20,大洲,オオズ,Ozu,73306,愛媛県
C,01000000,33.54333333333334,132.83166666666668,1000,獅子越峠,シシゴエトウゲ,Shishigoe Pass,73321,
C,11112010,33.446666666666665,132.25666666666666,143,瀬戸,セト,Seto,73341,愛媛県
C,01000000,33.44833333333333,132.43333333333334,8,八幡浜,ヤワタハマ,Yawatahama,73351,
C,11112010,33.36666666666667,132.50333333333333,200,宇和,ウワ,Uwa,73406,愛媛県
B,11111011,33.22666666666667,132.55166666666668,2,宇和島,ウワジマ,Uwajima,73442,愛媛県
C,11112010,33.25333333333333,132.675,129,近永,チカナガ,Chikanaga,73446,愛媛県
C,11112010,32.96333333333333,132.57,12,御荘,ミショウ,Misho,73516,愛媛県
C,11112010,33.765,133.33833333333334,605,本川,ホンガワ,Hongawa,74056,高知県
C,11112010,33.75333333333333,133.575,252,本山,モトヤマ,Motoyama,74071,高知県
C,01000000,33.60666666666667,133.17,141,池川,イケガワ,Ikegawa,74101,
C,01000000,33.678333333333335,133.685,346,繁藤,シゲトウ,Shigeto,74126,
C,11112010,33.69833333333333,133.875,210,大栃,オオドチ,Odochi,74136,高知県
C,01000000,33.615,134.10833333333332,450,魚梁瀬,ヤナセ,Yanase,74151,
C,01000000,33.51166666666666,133.27166666666668,80,佐川,サカワ,Sakawa,74166,
A,11111111,33.56666666666667,133.54833333333335,1,高知,コウチ,Kochi,74182,高知県
C,11112010,33.59,133.64333333333335,12,後免,ゴメン,Gomen,74187,高知県
C,11110000,33.545,133.66833333333332,9,南国日章,ナンコクニッショウ：高知空港,Nankoku-Nissho,74188,高知県
C,01000000,33.416666666666664,133.08833333333334,425,船戸,フナト,Funato,74237,
C,01000000,33.48,133.08333333333334,835,鳥形山,トリガタヤマ,Mt. Torigata,74238,
C,11112010,33.48833333333334,133.93333333333334,6,安芸,アキ,Aki,74271,高知県
C,01000000,33.42666666666667,134.00666666666666,17,田野,タノ,Tano,74276,
C,11112010,33.39,132.92166666666665,415,梼原,ユスハラ,Yusuhara,74296,高知県
C,11112010,33.385,133.27666666666667,4,須崎,スサキ,Susaki,74311,高知県
C,01000000,33.41166666666667,134.19833333333332,26,佐喜浜,サキハマ,Sakihama,74336,
C,11112010,33.20666666666666,133.12833333333333,205,窪川,クボカワ,Kubokawa,74361,高知県
B,11111011,33.251666666666665,134.17666666666668,185,室戸岬,ムロトミサキ,Cape Muroto,74372,高知県
C,11112010,33.17,132.79166666666666,72,江川崎,エカワサキ,Ekawasaki,74381,高知県
C,01000000,33.193333333333335,132.97166666666666,150,大正,タイショウ,Taisho,74391,
C,11112010,33.07833333333333,133.10166666666666,3,佐賀,サガ,Saga,74436,高知県
B,11111011,32.92,132.695,2,宿毛,スクモ,Sukumo,74447,高知県
C,11112010,32.99,132.92,8,中村,ナカムラ,Nakamura,74456,高知県
C,01000000,32.795,132.87166666666667,9,三崎,ミサキ,Misaki,74506,
B,11111011,32.721666666666664,133.01,31,清水,シミズ,Shimizu,74516,高知県
C,11112010,34.615,131.62333333333333,50,須佐,スサ,Susa,81011,山口県
B,11111011,34.41,131.405,2,萩,ハギ,Hagi,81071,山口県
C,11112010,34.37,131.055,20,油谷,ユヤ,Yuya,81116,山口県
C,01000000,34.33833333333333,131.62666666666667,264,篠生,シノブ,Shinobu,81146,
C,11112010,34.39833333333333,131.725,310,徳佐,トクサ,Tokusa,81151,山口県
C,01000000,34.35,132.06333333333333,945,羅漢山,ラカンザン,Mt.Rakanzan,81167,
C,11112010,34.235,131.30666666666667,240,秋吉台,アキヨシダイ,Akiyoshidai,81196,山口県
C,01000000,34.225,131.815,368,鹿野,カノ,Kano,81228,
C,11112010,34.26166666666666,131.95166666666665,97,広瀬,ヒロセ,Hirose,81231,山口県
C,11112010,34.18666666666667,131.07666666666665,40,豊田,トヨタ,Toyota,81266,山口県
C,01000000,34.11833333333333,131.18166666666667,56,東厚保,ヒガシアツ,Higashiatsu,81271,
B,11111111,34.16166666666667,131.46166666666667,18,山口,ヤマグチ,Yamaguchi,81286,山口県
C,01000000,34.17,131.75333333333333,154,和田,ワダ,Wada,81301,
C,11112010,34.155,132.17833333333334,41,岩国,イワクニ,Iwakuni,81321,山口県
C,11112010,34.04,131.53333333333333,4,防府,ホウフ,Hofu,81371,山口県
C,11112010,34.01,131.87166666666667,27,下松,クダマツ,Kudamatsu,81386,山口県
C,11112010,34.095,132.075,68,玖珂,クガ,Kuga,81397,山口県
A,11111111,33.94833333333333,130.925,3,下関,シモノセキ,Shimonoseki,81428,山口県
C,11110000,33.93,131.27833333333334,5,宇部,ウベ：山口宇部空港,Ube,81436,山口県
C,11112010,33.958333333333336,132.11333333333334,3,柳井,ヤナイ,Yanai,81481,山口県
C,11112010,33.903333333333336,132.29333333333332,5,安下庄,アゲノショウ,Agenosho,81486,山口県
C,11112010,33.80833333333333,130.53833333333333,7,宗像,ムナカタ,Munakata,82046,福岡県
C,11112010,33.85166666666667,130.74333333333334,20,八幡,ヤハタ,Yahata,82056,福岡県
C,11110000,33.845,131.035,7,空港北町,クウコウキタマチ：北九州空港,Kukokitamachi,82068,福岡県
C,01000000,33.778333333333336,130.865,55,東谷,ヒガシタニ,Higashitani,82097,
C,11112010,33.71333333333333,130.975,9,行橋,ユクハシ,Yukuhashi,82101,福岡県
B,11111011,33.651666666666664,130.69333333333333,37,飯塚,イイヅカ,Iizuka,82136,福岡県
C,11112010,33.56,130.19,5,前原,マエバル,Maebaru,82171,福岡県
A,11111111,33.58166666666666,130.375,3,福岡,フクオカ,Fukuoka,82182,福岡県
C,11110000,33.583333333333336,130.45166666666665,9,博多,ハカタ：福岡空港,Hakata,82186,福岡県
C,11112010,33.49666666666667,130.49,52,太宰府,ダザイフ,Dazaifu,82191,福岡県
C,11112010,33.55833333333333,130.855,92,添田,ソエダ,Soeda,82206,福岡県
C,01000000,33.48833333333334,130.35333333333332,83,早良脇山,サワラワキヤマ,Sawara-Wakiyama,82241,
C,11112010,33.406666666666666,130.695,38,朝倉,アサクラ,Asakura,82261,福岡県
C,01000000,33.48833333333334,130.92333333333335,823,英彦山,ヒコサン,Mt.Hikosan,82272,
C,11112010,33.303333333333335,130.49333333333334,7,久留米,クルメ,Kurume,82306,福岡県
C,01000000,33.291666666666664,130.625,607,耳納山,ミノウサン,Mt. Mino,82316,
C,11112010,33.225,130.645,144,黒木,クロギ,Kurogi,82317,福岡県
C,01000000,33.16,130.40333333333334,7,柳川,ヤナガワ,Yanagawa,82331,
C,11112010,33.00666666666667,130.46666666666667,40,大牟田,オオムタ,Omuta,82361,福岡県
C,11112010,33.678333333333335,131.575,53,国見,クニミ,Kunimi,83021,大分県
C,11112010,33.586666666666666,131.245,12,中津,ナカツ,Nakatsu,83051,大分県
C,11112010,33.57,131.43333333333334,5,豊後高田,ブンゴタカダ,Bungo-Takada,83061,大分県
C,01000000,33.445,131.115,100,耶馬渓,ヤバケイ,Yabakei,83096,
C,11112010,33.42,131.31666666666666,90,院内,インナイ,Innai,83106,大分県
C,11112010,33.416666666666664,131.59666666666666,5,杵築,キツキ,Kitsuki,83121,大分県
C,11110000,33.47833333333333,131.73666666666668,5,武蔵,ムサシ：大分空港,Musashi,83126,大分県
B,11111011,33.321666666666665,130.92833333333334,83,日田,ヒタ,Hita,83137,大分県
C,11112010,33.291666666666664,131.155,331,玖珠,クス,Kusu,83191,大分県
C,11112010,33.25333333333333,131.34666666666666,435,湯布院,ユフイン,Yufuin,83201,大分県
A,11111111,33.235,131.61833333333334,5,大分,オオイタ,Oita,83216,大分県
C,01000000,33.248333333333335,131.865,1,佐賀関,サガノセキ,Saganoseki,83226,
C,01000000,33.19,130.915,843,椿ヶ鼻,ツバキガハナ,Tsubakigahana,83242,
C,01000000,33.13166666666667,131.79666666666665,30,臼杵,ウスキ,Usuki,83286,
C,11112010,33.065,131.63166666666666,121,犬飼,イヌカイ,Inukai,83341,大分県
C,11112010,32.973333333333336,131.39833333333334,261,竹田,タケタ,Taketa,83371,大分県
C,11112010,32.95,131.90166666666667,2,佐伯,サイキ,Saiki,83401,大分県
C,11112010,32.845,131.675,200,宇目,ウメ,Ume,83431,大分県
C,11112010,32.795,131.92333333333335,2,蒲江,カマエ,Kamae,83476,大分県
C,11112010,34.69833333333333,129.445,63,鰐浦,ワニウラ,Waniura,84012,長崎県
B,11111011,34.196666666666665,129.29166666666666,5,厳原,イヅハラ,Izuhara,84072,長崎県
C,11110000,34.285,129.33,63,美津島,ミツシマ：対馬空港,Mitsushima,84076,長崎県
C,11112010,33.8,129.72166666666666,97,芦辺,アシベ,Ashibe,84121,長崎県
C,11110000,33.748333333333335,129.785,12,石田,イシダ：壱岐空港,Ishida,84122,長崎県
B,11111011,33.36,129.55,58,平戸,ヒラド,Hirado,84171,長崎県
C,11112010,33.34166666666667,129.71166666666667,14,松浦,マツウラ,Matsuura,84183,長崎県
B,11111011,33.15833333333333,129.72666666666666,4,佐世保,サセボ,Sasebo,84266,長崎県
C,11112010,33.013333333333335,129.65166666666667,18,西海,サイカイ,Saikai,84306,長崎県
C,11112010,32.98166666666667,129.11833333333334,11,有川,アリカワ,Arikawa,84341,長崎県
C,01000000,32.90833333333333,129.73833333333334,510,長浦岳,ナガウラダケ,Mt.Nagaura,84361,
C,11110000,32.916666666666664,129.91333333333333,3,大村,オオムラ：長崎空港,Omura,84371,長崎県
C,01000000,32.843333333333334,130.025,15,諫早,イサハヤ,Isahaya,84441,
A,11111111,32.733333333333334,129.86666666666667,27,長崎,ナガサキ,Nagasaki,84496,長崎県
B,11111011,32.736666666666665,130.26166666666666,678,雲仙岳,ウンゼンダケ,Mt.Unzen,84519,長崎県
C,11112010,32.76,130.36166666666668,14,島原,シマバラ,Shimabara,84523,長崎県
B,11111011,32.693333333333335,128.82666666666665,25,福江,フクエ,Fukue,84536,長崎県
C,11110000,32.665,128.83166666666668,77,上大津,カミオオヅ：福江空港,Kami-Ozu,84537,長崎県
C,11112010,32.611666666666665,130.19333333333333,13,口之津,クチノツ,Kuchinotsu,84561,長崎県
C,11112010,32.58166666666666,129.77666666666667,4,脇岬,ワキミサキ,Wakimisaki,84597,長崎県
C,11112010,33.458333333333336,129.955,23,唐津,カラツ,Karatsu,85033,佐賀県
C,01000000,33.413333333333334,130.22,339,北山,ホクザン,Hokuzan,85046,
C,01000000,33.385,130.51666666666668,25,鳥栖,トス,Tosu,85106,
C,11112010,33.266666666666666,129.87833333333333,25,伊万里,イマリ,Imari,85116,佐賀県
A,11111111,33.265,130.305,6,佐賀,サガ,Saga,85142,佐賀県
C,11112010,33.11666666666667,129.995,81,嬉野,ウレシノ,Ureshino,85161,佐賀県
C,11112010,33.18333333333333,130.14833333333334,2,白石,シロイシ,Shiroishi,85166,佐賀県
C,11110000,33.14833333333333,130.30166666666668,2,川副,カワソエ：佐賀空港,Kawasoe,85176,佐賀県
C,11112010,33.115,130.69166666666666,119,鹿北,カホク,Kahoku,86006,熊本県
C,11112010,33.10333333333333,131.06666666666666,448,南小国,ミナミオグニ,Minami-Oguni,86066,熊本県
C,11112010,32.915,130.51166666666666,15,岱明,タイメイ,Taimei,86086,熊本県
C,11112010,32.945,130.78166666666667,83,菊池,キクチ,Kikuchi,86101,熊本県
C,11112010,32.946666666666665,131.04,487,阿蘇乙姫,アソオトヒメ,Aso-Otohime,86111,熊本県
A,11111111,32.81333333333333,130.70666666666668,38,熊本,クマモト,Kumamoto,86141,熊本県
C,11110000,32.836666666666666,130.855,193,益城,マシキ：熊本空港,Mashiki,86146,熊本県
C,11112110,32.83166666666666,131.01333333333332,394,南阿蘇,ミナミアソ,Minami-Aso,86157,熊本県
C,11112010,32.821666666666665,131.125,555,高森,タカモリ,Takamori,86161,熊本県
C,01000000,32.7,130.65666666666667,6,宇土,ウト,Uto,86181,
C,01000000,32.711666666666666,130.95833333333334,574,山都,ヤマト,Yamato,86197,
C,11112010,32.611666666666665,130.47833333333332,60,三角,ミスミ,Misumi,86216,熊本県
C,11112010,32.67166666666667,130.81666666666666,52,甲佐,コウサ,Kosa,86236,熊本県
C,11112010,32.515,130.44666666666666,2,松島,マツシマ,Matsushima,86271,熊本県
C,11112010,32.468333333333334,130.18,30,本渡,ホンド,Hondo,86316,熊本県
C,11112010,32.473333333333336,130.60666666666665,8,八代,ヤツシロ,Yatsushiro,86336,熊本県
C,01000000,32.36333333333334,130.50833333333333,3,田浦,タノウラ,Tanoura,86396,
C,01000000,32.30166666666667,130.74666666666667,218,山江,ヤマエ,Yamae,86407,
C,01000000,32.395,130.82666666666665,310,五木,イツキ,Itsuki,86411,
C,11112010,32.205,130.40666666666667,6,水俣,ミナマタ,Minamata,86451,熊本県
C,01000000,32.245,130.645,120,一勝地,イッショウチ,Isshochi,86461,
B,11111011,32.21666666666667,130.755,146,人吉,ヒトヨシ,Hitoyoshi,86467,熊本県
C,11112010,32.225,130.905,166,上,ウエ,Ue,86477,熊本県
C,01000000,32.295,130.95,210,多良木,タラギ,Taragi,86478,
C,01000000,32.263333333333335,131.04333333333332,665,湯前横谷,ユノマエヨコタニ,Yunomae-Yokotani,86481,
B,11111011,32.196666666666665,130.02666666666667,3,牛深,ウシブカ,Ushibuka,86491,熊本県
C,11112010,32.711666666666666,131.29,350,高千穂,タカチホ,Takachiho,87041,宮崎県
C,11112010,32.711666666666666,131.82,14,古江,フルエ,Furue,87066,宮崎県
C,11112010,32.64333333333333,131.15666666666667,590,鞍岡,クラオカ,Kuraoka,87071,宮崎県
C,01000000,32.681666666666665,131.40666666666667,262,日之影,ヒノカゲ,Hinokage,87086,
C,01000000,32.516666666666666,131.335,150,諸塚,モロツカ,Morotsuka,87127,
C,01000000,32.56166666666667,131.525,30,北方,キタカタ,Kitakata,87136,
B,11111011,32.58166666666666,131.65666666666667,19,延岡,ノベオカ,Nobeoka,87141,宮崎県
C,01000000,32.475,131.10333333333332,517,椎葉,シイバ,Shiiba,87157,
C,11112010,32.40833333333333,131.6,20,日向,ヒュウガ,Hyuga,87181,宮崎県
C,11112010,32.385,131.33166666666668,250,神門,ミカド,Mikado,87206,宮崎県
C,11112010,32.24,131.15166666666667,260,西米良,ニシメラ,Nishimera,87231,宮崎県
C,01000000,32.28333333333333,131.54166666666666,61,都農,ツノ,Tsuno,87251,
C,11112010,32.123333333333335,131.475,57,高鍋,タカナベ,Takanabe,87293,宮崎県
C,11112010,32.04666666666667,130.81,228,加久藤,カクトウ,Kakuto,87301,宮崎県
C,11112010,32.06333333333333,131.41333333333333,8,西都,サイト,Saito,87331,宮崎県
C,01000000,31.945,130.84,1150,えびの高原,エビノコウゲン,Ebino-kogen,87346,
C,11112010,32.0,130.95333333333335,276,小林,コバヤシ,Kobayashi,87352,宮崎県
C,01000000,31.956666666666667,131.15666666666667,182,野尻,ノジリ,Nojiri,87361,
C,01000000,32.00666666666667,131.29666666666665,66,国富,クニトミ,Kunitomi,87371,
A,11111111,31.938333333333333,131.41333333333333,9,宮崎,ミヤザキ,Miyazaki,87376,宮崎県
C,11112010,31.843333333333334,131.30833333333334,134,田野,タノ,Tano,87406,宮崎県
C,11110000,31.876666666666665,131.44833333333332,6,赤江,アカエ：宮崎空港,Akae,87412,宮崎県
B,11111011,31.73,131.08166666666668,154,都城,ミヤコノジョウ,Miyakonojo,87426,宮崎県
C,01000000,31.636666666666667,131.25,130,深瀬,フカセ,Fukase,87461,
B,11111011,31.578333333333333,131.40666666666667,3,油津,アブラツ,Aburatsu,87492,宮崎県
C,11112010,31.465,131.22,20,串間,クシマ,Kushima,87501,宮崎県
C,01000000,33.86333333333333,130.035,49,小呂島,オロノシマ,Oronoshima,82036,
B,11111011,32.026666666666664,130.2,40,阿久根,アクネ,Akune,88061,鹿児島県
C,01000000,32.093333333333334,130.35166666666666,11,出水,イズミ,Izumi,88066,
C,11112010,32.04666666666667,130.62666666666667,175,大口,オオクチ,Okuchi,88081,鹿児島県
C,01000000,31.98,130.36666666666667,1060,紫尾山,シビサン,Mt.Shibisan,88101,
C,11112010,31.916666666666668,130.455,59,さつま柏原,サツマカシワバル,Satsuma-Kashiwabaru,88107,鹿児島県
C,11112010,31.835,129.86666666666667,10,中甑,ナカコシキ,Nakakoshiki,88131,鹿児島県
C,11112010,31.833333333333332,130.315,5,川内,センダイ,Sendai,88151,鹿児島県
C,11110000,31.803333333333335,130.71833333333333,272,溝辺,ミゾベ：鹿児島空港,Mizobe,88166,鹿児島県
C,01000000,31.746666666666666,130.43833333333333,533,八重山,ヤエヤマ,Yaeyama,88211,
C,11112010,31.668333333333333,130.32833333333335,40,東市来,ヒガシイチキ,Higashi-Ichiki,88261,鹿児島県
C,11112010,31.661666666666665,130.84333333333333,387,牧之原,マキノハラ,Makinohara,88286,鹿児島県
A,11111111,31.555,130.54666666666665,4,鹿児島,カゴシマ,Kagoshima,88317,鹿児島県
C,11112010,31.588333333333335,130.855,360,輝北,キホク,Kihoku,88331,鹿児島県
C,01000000,31.58,131.005,170,大隅,オオスミ,Osumi,88341,
C,11112010,31.415,130.325,9,加世田,カセダ,Kaseda,88371,鹿児島県
C,01000000,31.458333333333332,130.86166666666668,89,吉ケ別府,ヨシガベップ,Yoshigabeppu,88392,
C,11112010,31.47833333333333,131.095,70,志布志,シブシ,Shibushi,88406,鹿児島県
C,11112010,31.386666666666667,130.54,4,喜入,キイレ,Kiire,88432,鹿児島県
C,11112010,31.391666666666666,130.86333333333334,63,鹿屋,カノヤ,Kanoya,88442,鹿児島県
C,11112010,31.34,130.93833333333333,31,肝付前田,キモツキマエダ,Kimotsuki-Maeda,88447,鹿児島県
B,11111011,31.27166666666667,130.29166666666666,30,枕崎,マクラザキ,Makurazaki,88466,鹿児島県
C,11112010,31.25,130.63666666666666,5,指宿,イブスキ,Ibusuki,88486,鹿児島県
C,11112010,31.276666666666667,131.055,8,内之浦,ウチノウラ,Uchinoura,88506,鹿児島県
C,11112010,31.198333333333334,130.84333333333333,182,田代,タシロ,Tashiro,88536,鹿児島県
C,01000000,31.093333333333334,130.69,27,佐多,サタ,Sata,88551,
B,11111011,30.72,130.98166666666665,25,種子島,タネガシマ,Tanegashima Island,88612,鹿児島県
C,11110000,30.605,130.99166666666667,234,中種子,ナカタネ：種子島空港,Nakatane,88621,鹿児島県
C,11112010,30.406666666666666,130.90166666666667,150,上中,カミナカ,Kaminaka,88666,鹿児島県
B,11111011,30.385,130.65833333333333,37,屋久島,ヤクシマ：屋久島空港,Yakushima Island,88686,鹿児島県
C,11112010,30.235,130.555,60,尾之間,オノアイダ,Onoaida,88706,鹿児島県
C,11112010,29.84,129.86666666666667,220,中之島,ナカノシマ,Nakanoshima Island,88736,鹿児島県
C,01000000,29.683333333333334,129.52833333333334,97,平島,タイラジマ,Tairajima Island,88746,
C,01000000,29.61,129.705,111,諏訪之瀬島,スワノセジマ,Suwanosejima Island,88756,
C,01000000,29.225,129.32833333333335,10,小宝島,コダカラジマ,Kodakarajima Island,88776,
C,01000000,29.151666666666667,129.20166666666665,33,宝島,タカラジマ,Takarajima Island,88781,
C,11110000,28.43,129.71166666666667,4,笠利,カサリ：奄美空港,Kasari,88821,鹿児島県
B,11111011,28.378333333333334,129.495,3,名瀬,ナゼ,Naze,88836,鹿児島県
C,11110000,28.32,129.92666666666668,5,喜界島,キカイジマ：喜界空港,Kikaijima Island,88851,鹿児島県
C,11112010,28.143333333333334,129.315,2,古仁屋,コニヤ,Koniya,88901,鹿児島県
C,11110000,27.835,128.88,2,天城,アマギ：徳之島空港,Amagi,88931,鹿児島県
C,11112010,27.676666666666666,128.97333333333333,44,伊仙,イセン,Isen,88956,鹿児島県
B,11111011,27.431666666666665,128.705,27,沖永良部,オキノエラブ：沖永良部空港,Okinoerabu,88971,鹿児島県
C,11110000,27.043333333333333,128.40166666666667,14,与論島,ヨロンジマ：与論空港,Yoronjima Island,88986,鹿児島県
C,11112010,26.948333333333334,127.94,14,伊是名,イゼナ,Izena,91011,沖縄県
C,11112010,26.835,128.27166666666668,232,奥,オク,Oku,91021,沖縄県
C,01000000,26.72833333333333,128.17833333333334,8,国頭,クニガミ,Kunigami,91046,
C,01000000,26.685,127.89833333333333,25,本部,モトブ,Motobu,91066,
C,01000000,26.631666666666668,128.15333333333334,24,東,ヒガシ,Higashi,91081,
C,01000000,26.591666666666665,127.23833333333333,14,粟国,アグニ,Aguni,91096,
B,11111011,26.593333333333334,127.965,6,名護,ナゴ,Nago,91107,沖縄県
C,01000000,26.406666666666666,127.73333333333333,90,読谷,ヨミタン,Yomitan,91121,
C,11110000,26.363333333333333,126.71333333333334,7,北原,キタハラ：久米島空港,Kitahara,91141,沖縄県
B,11111011,26.336666666666666,126.80333333333333,5,久米島,クメジマ,Kumejima Island,91146,沖縄県
C,01000000,26.373333333333335,127.14166666666667,7,渡名喜,トナキ,Tonaki,91151,
C,01000000,26.326666666666668,127.805,86,胡屋,ゴヤ,Goya,91161,
C,11112010,26.363333333333333,127.97166666666666,100,宮城島,ミヤギジマ,Miyagijima Island,91166,沖縄県
C,11112010,26.21,127.36333333333333,220,渡嘉敷,トカシキ,Tokashiki,91181,沖縄県
A,11111011,26.206666666666667,127.68666666666667,28,那覇,ナハ,Naha,91197,沖縄県
C,11110000,26.19333333333333,127.63833333333334,3,安次嶺,アシミネ：那覇空港,Ashimine,91236,沖縄県
C,11112010,26.153333333333332,127.765,186,糸数,イトカズ,Itokazu,91241,沖縄県
C,11110000,25.943333333333335,131.32666666666665,22,北大東,キタダイトウ：北大東空港,Kita-Daito,92006,沖縄県
A,11111011,25.828333333333333,131.22833333333332,15,南大東,ミナミダイトウ,Minami-Daito,92011,沖縄県
C,11110000,25.846666666666668,131.26333333333332,48,旧東,キュウトウ：南大東空港,Kyuto,92012,沖縄県
C,11110000,24.826666666666668,125.14333333333333,8,下地島,シモジシマ：下地島空港,Shimojishima Island,93012,沖縄県
A,11111011,24.793333333333333,125.27833333333334,39,宮古島,ミヤコジマ,Miyakojima Island,93041,沖縄県
C,11110000,24.781666666666666,125.295,43,鏡原,カガミハラ：宮古空港,Kagamihara,93042,沖縄県
C,01000000,24.743333333333332,125.41,55,城辺,グスクベ,Gusukube,93051,
C,11110000,24.653333333333332,124.675,10,仲筋,ナカスジ：多良間空港,Nakasuji,93062,沖縄県
C,11112010,24.506666666666668,124.28,11,伊原間,イバルマ,Ibaruma,94001,沖縄県
C,11110000,24.466666666666665,122.97833333333334,15,所野,トコロノ：与那国空港,Tokorono,94011,沖縄県
B,11111011,24.466666666666665,123.01,30,与那国島,ヨナグニジマ,Yonagunijima Island,94017,沖縄県
C,01000000,24.466666666666665,124.14,7,川平,カビラ,Kabira,94036,
B,11111011,24.426666666666666,123.765,10,西表島,イリオモテジマ,Iriomotejima Island,94062,沖縄県
A,11111011,24.336666666666666,124.16333333333333,6,石垣島,イシガキジマ,Ishigakijima Island,94081,沖縄県
C,11110000,24.395,124.245,31,盛山,モリヤマ：新石垣空港,Moriyama,94086,沖縄県
C,11112010,24.265,123.87166666666667,33,大原,オオハラ,Ohara,94101,沖縄県
C,11112010,24.055,123.76666666666667,38,波照間,ハテルマ,Hateruma,94116,沖縄県
