type,geometry,properties,code
Feature,"{""type"": ""MultiPolygon"", ""coordinates"": [[[[140.2965, 39.8329], [140.3109, 39.7972], [140.3114, 39.7972], [140.3725, 39.836], [140.4008, 39.8349], [140.4595, 39.8236], [140.4804, 39.7965], [140.5156, 39.7482], [140.4965, 39.7237], [140.3479, 39.6914], [140.3421, 39.6752], [140.3078, 39.6699], [140.309, 39.6476], [140.2655, 39.6521], [140.2842, 39.6252], [140.2273, 39.5479], [140.2705, 39.5038], [140.2655, 39.484], [140.2838, 39.4589], [140.269, 39.4496], [140.2782, 39.4243], [140.3066, 39.4163], [140.286, 39.3957], [140.3202, 39.3826], [140.2619, 39.378], [140.2694, 39.3552], [140.3201, 39.3487], [140.3275, 39.3258], [140.3421, 39.3268], [140.3558, 39.2984], [140.3297, 39.2616], [140.3468, 39.2505], [140.2205, 39.2211], [140.3419, 39.0836], [140.3315, 39.0591], [140.3427, 39.0456], [140.3291, 39.0348], [140.3107, 39.0136], [140.2606, 39.0352], [140.228, 39.027], [140.2011, 39.0352], [140.1935, 39.0604], [140.1508, 39.0492], [140.1145, 39.0784], [140.0625, 39.0929], [140.0634, 39.1058], [140.0624, 39.1335], [140.0085, 39.1232], [139.9944, 39.1055], [139.8696, 39.1183], [139.905, 39.1817], [139.8921, 39.2129], [139.9157, 39.2756], [139.9801, 39.3131], [140.0266, 39.4233], [140.0597, 39.5978], [140.0593, 39.7207], [140.0387, 39.7596], [140.0494, 39.774], [140.043, 39.762], [140.0277, 39.7691], [140.0423, 39.7829], [140.034, 39.8045], [139.9679, 39.88], [139.9141, 39.9017], [139.8637, 39.8905], [139.847, 39.879], [139.8612, 39.8663], [139.7561, 39.857], [139.7352, 39.9049], [139.7057, 39.9281], [139.7205, 39.9566], [139.7016, 39.9612], [139.6932, 39.9955], [139.7023, 40.0064], [139.7231, 39.9818], [139.816, 39.9594], [139.8727, 39.9887], [139.9454, 40.073], [139.9726, 40.1251], [139.9926, 40.1798], [139.9782, 40.2025], [140.0256, 40.2167], [139.9834, 40.2113], [140.0048, 40.2242], [140.0157, 40.2645], [140.0234, 40.3567], [139.9363, 40.4282], [139.995, 40.4351], [140.0194, 40.4198], [140.0236, 40.4521], [140.0683, 40.4689], [140.0703, 40.4683], [140.1076, 40.4359], [140.1472, 40.4381], [140.2202, 40.4311], [140.2922, 40.4463], [140.3352, 40.4394], [140.3334, 40.388], [140.3532, 40.3549], [140.3254, 40.3118], [140.3231, 40.2724], [140.276, 40.2417], [140.2734, 40.211], [140.2998, 40.2031], [140.2543, 40.1818], [140.2429, 40.1119], [140.2542, 40.0713], [140.2367, 40.0475], [140.2354, 40.0077], [140.248, 39.9588], [140.2957, 39.9197], [140.3065, 39.8476], [140.2965, 39.8329]]]]}","{'code': '050010', 'name': '秋田県', 'enName': 'Akita'}",050010
Feature,"{""type"": ""MultiPolygon"", ""coordinates"": [[[[140.3917, 40.4848], [140.4372, 40.4783], [140.4401, 40.45], [140.4645, 40.4563], [140.5292, 40.4308], [140.5238, 40.4102], [140.5588, 40.3971], [140.5694, 40.4007], [140.5549, 40.4225], [140.5897, 40.4361], [140.6258, 40.424], [140.6344, 40.4023], [140.6759, 40.4129], [140.6992, 40.4294], [140.7338, 40.4159], [140.7341, 40.4397], [140.7694, 40.4539], [140.8036, 40.4486], [140.8202, 40.4955], [140.8801, 40.5102], [140.8613, 40.4406], [140.9268, 40.4211], [140.9774, 40.4291], [140.9852, 40.4271], [140.9825, 40.412], [140.9873, 40.395], [140.9954, 40.3534], [140.9625, 40.3475], [140.944, 40.2963], [140.9576, 40.282], [140.9457, 40.2581], [140.9551, 40.2476], [140.941, 40.2269], [140.9055, 40.2221], [140.8927, 40.1925], [140.8593, 40.1716], [140.8836, 40.1573], [140.867, 40.1324], [140.8773, 40.0981], [140.8445, 40.0746], [140.8556, 40.0439], [140.8479, 39.9593], [140.8779, 39.8743], [140.8532, 39.8657], [140.8289, 39.8828], [140.7822, 39.8678], [140.7866, 39.8235], [140.8483, 39.7933], [140.8045, 39.7455], [140.7748, 39.7346], [140.8226, 39.6882], [140.8223, 39.6501], [140.7953, 39.603], [140.7875, 39.6032], [140.7304, 39.5658], [140.7414, 39.5362], [140.7137, 39.4992], [140.7244, 39.4805], [140.6982, 39.4678], [140.6769, 39.4482], [140.6811, 39.4184], [140.6584, 39.4151], [140.6562, 39.3891], [140.679, 39.3832], [140.6756, 39.3683], [140.7083, 39.3342], [140.6936, 39.2996], [140.7173, 39.2965], [140.7178, 39.2726], [140.7887, 39.2384], [140.7666, 39.2085], [140.8079, 39.1784], [140.7741, 39.1679], [140.7489, 39.1381], [140.77, 39.1242], [140.756, 39.1184], [140.7527, 39.0862], [140.8024, 39.0779], [140.8103, 39.0574], [140.7849, 39.0197], [140.764, 39.0002], [140.7736, 38.9581], [140.7556, 38.9582], [140.7074, 38.9204], [140.6394, 38.8833], [140.6141, 38.894], [140.562, 38.873], [140.5471, 38.8892], [140.5396, 38.8981], [140.4943, 38.899], [140.4923, 38.9022], [140.4496, 38.9456], [140.4512, 38.9718], [140.432, 38.9918], [140.3762, 38.9945], [140.3624, 39.0258], [140.3291, 39.0348], [140.3427, 39.0456], [140.3315, 39.0591], [140.3419, 39.0836], [140.2205, 39.2211], [140.3468, 39.2505], [140.3297, 39.2616], [140.3558, 39.2984], [140.3421, 39.3268], [140.3275, 39.3258], [140.3201, 39.3487], [140.2694, 39.3552], [140.2619, 39.378], [140.3202, 39.3826], [140.286, 39.3957], [140.3066, 39.4163], [140.2782, 39.4243], [140.269, 39.4496], [140.2838, 39.4589], [140.2655, 39.484], [140.2705, 39.5038], [140.2273, 39.5479], [140.2842, 39.6252], [140.2655, 39.6521], [140.309, 39.6476], [140.3078, 39.6699], [140.3421, 39.6752], [140.3479, 39.6914], [140.4965, 39.7237], [140.5156, 39.7482], [140.4804, 39.7965], [140.4595, 39.8236], [140.4008, 39.8349], [140.3725, 39.836], [140.3114, 39.7972], [140.3109, 39.7972], [140.2965, 39.8329], [140.3065, 39.8476], [140.2957, 39.9197], [140.248, 39.9588], [140.2354, 40.0077], [140.2367, 40.0475], [140.2542, 40.0713], [140.2429, 40.1119], [140.2543, 40.1818], [140.2998, 40.2031], [140.2734, 40.211], [140.276, 40.2417], [140.3231, 40.2724], [140.3254, 40.3118], [140.3532, 40.3549], [140.3334, 40.388], [140.3352, 40.4394], [140.3478, 40.4675], [140.3917, 40.4848]]]]}","{'code': '050020', 'name': '秋田県', 'enName': 'Akita'}",050020
Feature,"{""type"": ""MultiPolygon"", ""coordinates"": [[[[140.5217, 38.3497], [140.5298, 38.3209], [140.4926, 38.3027], [140.4969, 38.2831], [140.473, 38.2718], [140.4725, 38.2522], [140.4802, 38.1821], [140.4459, 38.1436], [140.4457, 38.1299], [140.4432, 38.1299], [140.425, 38.1217], [140.4177, 38.0803], [140.375, 38.0574], [140.2771, 38.0562], [140.2378, 38.081], [140.2335, 38.0825], [140.238, 38.0943], [140.1831, 38.129], [140.21, 38.1428], [140.1855, 38.2226], [140.1823, 38.2233], [140.1801, 38.2233], [140.1732, 38.2227], [140.1534, 38.2426], [140.1284, 38.257], [140.0901, 38.2412], [140.0721, 38.266], [140.013, 38.2434], [139.9775, 38.1797], [139.9166, 38.2464], [139.9214, 38.2629], [139.9038, 38.2747], [139.8999, 38.2758], [139.8748, 38.3168], [139.9174, 38.367], [139.9145, 38.4108], [139.9351, 38.4336], [139.9263, 38.4799], [139.9422, 38.4893], [139.9321, 38.5024], [140.0262, 38.5468], [140.0324, 38.5396], [140.0358, 38.5327], [140.0351, 38.5054], [140.0504, 38.4963], [140.0868, 38.5126], [140.1226, 38.4938], [140.1512, 38.5141], [140.1834, 38.5318], [140.2081, 38.533], [140.2411, 38.5685], [140.2463, 38.5699], [140.3026, 38.6151], [140.2994, 38.6406], [140.3156, 38.6476], [140.317, 38.6819], [140.3741, 38.6845], [140.4597, 38.7214], [140.461, 38.7145], [140.4746, 38.6948], [140.5394, 38.6854], [140.5465, 38.6497], [140.5376, 38.6338], [140.5787, 38.5684], [140.5551, 38.531], [140.62, 38.4552], [140.6197, 38.4547], [140.5862, 38.4405], [140.5714, 38.4136], [140.5782, 38.3929], [140.5217, 38.3497]]]]}","{'code': '060010', 'name': '山形県', 'enName': 'Yamagata'}",060010
Feature,"{""type"": ""MultiPolygon"", ""coordinates"": [[[[140.2671, 37.9176], [140.2623, 37.8339], [140.2988, 37.8079], [140.2373, 37.7465], [140.1874, 37.754], [140.1719, 37.756], [140.1158, 37.7343], [140.0523, 37.7789], [139.9926, 37.7587], [139.9373, 37.8282], [139.8867, 37.8092], [139.8583, 37.8266], [139.81, 37.8032], [139.7831, 37.8319], [139.7416, 37.8203], [139.7318, 37.8308], [139.7085, 37.8557], [139.6808, 37.847], [139.6293, 37.8937], [139.625, 37.9184], [139.643, 37.9468], [139.6549, 38.0355], [139.6927, 38.057], [139.6918, 38.0751], [139.6713, 38.0769], [139.6939, 38.1159], [139.6847, 38.1594], [139.6992, 38.2032], [139.7864, 38.1922], [139.8606, 38.2314], [139.8999, 38.2758], [139.9038, 38.2747], [139.9214, 38.2629], [139.9166, 38.2464], [139.9775, 38.1797], [140.013, 38.2434], [140.0721, 38.266], [140.0901, 38.2412], [140.1284, 38.257], [140.1534, 38.2426], [140.1732, 38.2227], [140.1801, 38.2233], [140.1823, 38.2233], [140.1855, 38.2226], [140.21, 38.1428], [140.1831, 38.129], [140.238, 38.0943], [140.2335, 38.0825], [140.2378, 38.081], [140.2771, 38.0562], [140.2896, 38.0073], [140.28, 37.9766], [140.2671, 37.9176]]]]}","{'code': '060020', 'name': '山形県', 'enName': 'Yamagata'}",060020
Feature,"{""type"": ""MultiPolygon"", ""coordinates"": [[[[140.0625, 39.0929], [140.1145, 39.0784], [140.1508, 39.0492], [140.1144, 39.0245], [140.1113, 38.9851], [140.1472, 38.97], [140.1414, 38.9461], [140.1216, 38.9416], [140.1239, 38.9213], [140.124, 38.9212], [140.1403, 38.9157], [140.1182, 38.8948], [140.1207, 38.8734], [140.0887, 38.8583], [140.0878, 38.8423], [140.1172, 38.8209], [140.083, 38.8175], [140.0853, 38.8005], [140.0322, 38.7771], [140.0341, 38.749], [140.0562, 38.7261], [140.0336, 38.6741], [140.1111, 38.6159], [140.1174, 38.5783], [140.0546, 38.5284], [140.0358, 38.5327], [140.0324, 38.5396], [140.0262, 38.5468], [139.9321, 38.5024], [139.9422, 38.4893], [139.9263, 38.4799], [139.9351, 38.4336], [139.9145, 38.4108], [139.9174, 38.367], [139.8748, 38.3168], [139.8489, 38.3428], [139.7708, 38.3529], [139.7324, 38.3716], [139.7224, 38.394], [139.7098, 38.3868], [139.7218, 38.4962], [139.6, 38.522], [139.55, 38.5532], [139.5478, 38.5529], [139.6098, 38.6692], [139.6903, 38.7231], [139.7618, 38.8002], [139.805, 38.9069], [139.7953, 38.9357], [139.8087, 38.9254], [139.8124, 38.951], [139.8351, 38.9543], [139.8189, 38.9606], [139.8402, 38.9851], [139.8794, 39.0967], [139.8696, 39.1183], [139.9944, 39.1055], [140.0085, 39.1232], [140.0624, 39.1335], [140.0634, 39.1058], [140.0625, 39.0929]]]]}","{'code': '060030', 'name': '山形県', 'enName': 'Yamagata'}",060030
Feature,"{""type"": ""MultiPolygon"", ""coordinates"": [[[[140.4923, 38.9022], [140.4943, 38.899], [140.5396, 38.8981], [140.5471, 38.8892], [140.54, 38.8619], [140.5907, 38.836], [140.6035, 38.7837], [140.6465, 38.7695], [140.607, 38.7213], [140.624, 38.6914], [140.6012, 38.6398], [140.5465, 38.6497], [140.5394, 38.6854], [140.4746, 38.6948], [140.461, 38.7145], [140.4597, 38.7214], [140.3741, 38.6845], [140.317, 38.6819], [140.3156, 38.6476], [140.2994, 38.6406], [140.3026, 38.6151], [140.2463, 38.5699], [140.2411, 38.5685], [140.2081, 38.533], [140.1834, 38.5318], [140.1512, 38.5141], [140.1226, 38.4938], [140.0868, 38.5126], [140.0504, 38.4963], [140.0351, 38.5054], [140.0358, 38.5327], [140.0546, 38.5284], [140.1174, 38.5783], [140.1111, 38.6159], [140.0336, 38.6741], [140.0562, 38.7261], [140.0341, 38.749], [140.0322, 38.7771], [140.0853, 38.8005], [140.083, 38.8175], [140.1172, 38.8209], [140.0878, 38.8423], [140.0887, 38.8583], [140.1207, 38.8734], [140.1182, 38.8948], [140.1403, 38.9157], [140.124, 38.9212], [140.1239, 38.9213], [140.1216, 38.9416], [140.1414, 38.9461], [140.1472, 38.97], [140.1113, 38.9851], [140.1144, 39.0245], [140.1508, 39.0492], [140.1935, 39.0604], [140.2011, 39.0352], [140.228, 39.027], [140.2606, 39.0352], [140.3107, 39.0136], [140.3291, 39.0348], [140.3624, 39.0258], [140.3762, 38.9945], [140.432, 38.9918], [140.4512, 38.9718], [140.4496, 38.9456], [140.4923, 38.9022]]]]}","{'code': '060040', 'name': '山形県', 'enName': 'Yamagata'}",060040
Feature,"{""type"": ""MultiPolygon"", ""coordinates"": [[[[140.0917, 35.5879], [140.1117, 35.5704], [140.0861, 35.5695], [140.0917, 35.5879]]], [[[140.2871, 35.5729], [140.2942, 35.5606], [140.2806, 35.5435], [140.3009, 35.5203], [140.277, 35.5118], [140.2721, 35.4936], [140.2563, 35.4943], [140.2485, 35.4818], [140.2195, 35.4848], [140.1707, 35.4569], [140.1865, 35.4481], [140.173, 35.4313], [140.2001, 35.3909], [140.2253, 35.3167], [140.231, 35.3041], [140.1991, 35.3081], [140.2028, 35.2877], [140.1412, 35.2312], [140.1223, 35.2476], [140.1221, 35.3138], [140.1091, 35.3192], [140.1297, 35.3468], [140.0921, 35.3881], [140.0877, 35.4275], [140.0326, 35.4236], [140.0432, 35.4374], [140.0227, 35.4676], [140.0098, 35.4862], [140.0362, 35.4952], [140.0252, 35.5017], [140.0607, 35.5301], [140.0663, 35.5534], [140.0961, 35.5354], [140.0858, 35.5489], [140.098, 35.555], [140.1155, 35.5506], [140.091, 35.5645], [140.1269, 35.5677], [140.1121, 35.5705], [140.1177, 35.5966], [140.089, 35.5945], [140.0999, 35.6047], [140.083, 35.6139], [140.0839, 35.5968], [140.0197, 35.6525], [139.9875, 35.6545], [140.0019, 35.6656], [139.9859, 35.6638], [139.9882, 35.6898], [139.9632, 35.6814], [139.9535, 35.689], [139.955, 35.6732], [139.9328, 35.6755], [139.9477, 35.6696], [139.9183, 35.6555], [139.9395, 35.6405], [139.9001, 35.6317], [139.8978, 35.6167], [139.8715, 35.6386], [139.8861, 35.6711], [139.9189, 35.6986], [139.8904, 35.7503], [139.8902, 35.7506], [139.89, 35.7508], [139.8795, 35.7685], [139.8938, 35.7827], [139.8885, 35.8302], [139.8992, 35.8669], [139.8748, 35.9129], [139.8493, 35.9383], [139.8351, 35.9653], [139.8333, 35.969], [139.8142, 35.9973], [139.816, 36.0352], [139.8069, 36.0432], [139.7895, 36.0618], [139.7762, 36.0908], [139.7868, 36.1041], [139.8202, 36.0572], [139.8868, 35.9865], [139.9235, 35.9702], [139.9237, 35.9704], [139.934, 35.9684], [139.9337, 35.9462], [139.9519, 35.9358], [139.9584, 35.9316], [139.9952, 35.9096], [140.0311, 35.9006], [140.0558, 35.8906], [140.1271, 35.8709], [140.1465, 35.8457], [140.1678, 35.8455], [140.2136, 35.862], [140.2406, 35.8544], [140.2894, 35.8714], [140.3203, 35.8649], [140.3759, 35.9024], [140.3833, 35.8899], [140.385, 35.8851], [140.401, 35.8726], [140.3944, 35.8528], [140.4405, 35.8679], [140.4725, 35.851], [140.4519, 35.8071], [140.4363, 35.7808], [140.4076, 35.7865], [140.4029, 35.7749], [140.3891, 35.7578], [140.4032, 35.7418], [140.3815, 35.7408], [140.3936, 35.7279], [140.3679, 35.7312], [140.3863, 35.7132], [140.3699, 35.6971], [140.4045, 35.6919], [140.3998, 35.6804], [140.3679, 35.686], [140.3469, 35.6767], [140.3388, 35.6645], [140.3545, 35.6568], [140.3203, 35.6497], [140.3292, 35.6315], [140.3077, 35.6247], [140.3241, 35.609], [140.3254, 35.6072], [140.3059, 35.5942], [140.3231, 35.601], [140.3387, 35.5863], [140.2871, 35.5729]]], [[[139.9673, 35.679], [139.9793, 35.6698], [139.9637, 35.6723], [139.9628, 35.6803], [139.9627, 35.6807], [139.9673, 35.679]]]]}","{'code': '120010', 'name': '千葉県', 'enName': 'Chiba'}",120010
Feature,"{""type"": ""MultiPolygon"", ""coordinates"": [[[[140.7218, 35.8102], [140.8154, 35.7415], [140.852, 35.7447], [140.8816, 35.7309], [140.8678, 35.738], [140.8659, 35.6926], [140.8311, 35.7136], [140.761, 35.6978], [140.7285, 35.684], [140.7352, 35.6955], [140.693, 35.7], [140.625, 35.6727], [140.5594, 35.6279], [140.5256, 35.6021], [140.4701, 35.5472], [140.4305, 35.4981], [140.4159, 35.4716], [140.397, 35.4188], [140.392, 35.3831], [140.3977, 35.3305], [140.3456, 35.3453], [140.3419, 35.3454], [140.3181, 35.3457], [140.2713, 35.3134], [140.2513, 35.3244], [140.2467, 35.326], [140.2253, 35.3167], [140.2001, 35.3909], [140.173, 35.4313], [140.1865, 35.4481], [140.1707, 35.4569], [140.2195, 35.4848], [140.2485, 35.4818], [140.2563, 35.4943], [140.2721, 35.4936], [140.277, 35.5118], [140.3009, 35.5203], [140.2806, 35.5435], [140.2942, 35.5606], [140.2871, 35.5729], [140.3387, 35.5863], [140.3231, 35.601], [140.3059, 35.5942], [140.3254, 35.6072], [140.3255, 35.6074], [140.3241, 35.609], [140.3077, 35.6247], [140.3292, 35.6315], [140.3203, 35.6497], [140.3545, 35.6568], [140.3388, 35.6645], [140.3469, 35.6767], [140.3679, 35.686], [140.3998, 35.6804], [140.4045, 35.6919], [140.3699, 35.6971], [140.3863, 35.7132], [140.3679, 35.7312], [140.3936, 35.7279], [140.3815, 35.7408], [140.4032, 35.7418], [140.3891, 35.7578], [140.4029, 35.7749], [140.4076, 35.7865], [140.4363, 35.7808], [140.4519, 35.8071], [140.4725, 35.851], [140.4405, 35.8679], [140.3944, 35.8528], [140.401, 35.8726], [140.385, 35.8851], [140.3833, 35.8899], [140.3759, 35.9024], [140.379, 35.9031], [140.4348, 35.9118], [140.4584, 35.9265], [140.5028, 35.9055], [140.4871, 35.9283], [140.5112, 35.9587], [140.5583, 35.9304], [140.5989, 35.9032], [140.6478, 35.8557], [140.7042, 35.8378], [140.7207, 35.8135], [140.7218, 35.8102]]]]}","{'code': '120020', 'name': '千葉県', 'enName': 'Chiba'}",120020
Feature,"{""type"": ""MultiPolygon"", ""coordinates"": [[[[139.9403, 35.4443], [139.9486, 35.4422], [139.9535, 35.4567], [139.965, 35.4508], [139.9552, 35.4438], [139.9745, 35.4485], [139.9657, 35.4685], [139.982, 35.4748], [139.9934, 35.4532], [139.9888, 35.4699], [140.0042, 35.4805], [140.0227, 35.4676], [140.0432, 35.4374], [140.0326, 35.4236], [140.0877, 35.4275], [140.0921, 35.3881], [140.1297, 35.3468], [140.1091, 35.3192], [140.1221, 35.3138], [140.1223, 35.2476], [140.1412, 35.2312], [140.2028, 35.2877], [140.1991, 35.3081], [140.231, 35.3041], [140.2253, 35.3167], [140.2467, 35.326], [140.2513, 35.3244], [140.2713, 35.3134], [140.3181, 35.3457], [140.3419, 35.3454], [140.3456, 35.3453], [140.3977, 35.3305], [140.4151, 35.3059], [140.3848, 35.1923], [140.3468, 35.1761], [140.326, 35.1389], [140.3104, 35.1347], [140.2983, 35.151], [140.2864, 35.1344], [140.2576, 35.1379], [140.2118, 35.1145], [140.1919, 35.1272], [140.1339, 35.1216], [140.1052, 35.1021], [140.1023, 35.0765], [140.038, 35.0515], [139.9802, 35.0101], [139.965, 34.9429], [139.9419, 34.9175], [139.8872, 34.8994], [139.8245, 34.9113], [139.8226, 34.9355], [139.7589, 34.9594], [139.7529, 34.9742], [139.8525, 34.9873], [139.8549, 35.0195], [139.833, 35.0323], [139.8104, 35.038], [139.8329, 35.046], [139.8192, 35.0659], [139.8419, 35.0831], [139.8361, 35.0997], [139.824, 35.1137], [139.8393, 35.1311], [139.8182, 35.1549], [139.819, 35.1903], [139.8673, 35.2199], [139.8688, 35.2425], [139.8486, 35.2894], [139.7839, 35.3129], [139.8198, 35.3165], [139.82, 35.3337], [139.8213, 35.3233], [139.8403, 35.3344], [139.8215, 35.3472], [139.8433, 35.3517], [139.8521, 35.3494], [139.8392, 35.3673], [139.8537, 35.3717], [139.8875, 35.3615], [139.918, 35.3817], [139.8983, 35.4065], [139.901, 35.4296], [139.9403, 35.4443]]]]}","{'code': '120030', 'name': '千葉県', 'enName': 'Chiba'}",120030
Feature,"{""type"": ""MultiPolygon"", ""coordinates"": [[[[139.2264, 38.0116], [139.2148, 37.9938], [139.2331, 37.9658], [139.2455, 37.9721], [139.2256, 38.0013], [139.2883, 38.0306], [139.3136, 38.0495], [139.4079, 38.1498], [139.409, 38.1497], [139.409, 38.1498], [139.4494, 38.2342], [139.4558, 38.3937], [139.5478, 38.5529], [139.55, 38.5532], [139.6, 38.522], [139.7218, 38.4962], [139.7098, 38.3868], [139.7224, 38.394], [139.7324, 38.3716], [139.7708, 38.3529], [139.8489, 38.3428], [139.8748, 38.3168], [139.8999, 38.2758], [139.8606, 38.2314], [139.7864, 38.1922], [139.6992, 38.2032], [139.6847, 38.1594], [139.6939, 38.1159], [139.6713, 38.0769], [139.6918, 38.0751], [139.6927, 38.057], [139.6549, 38.0355], [139.643, 37.9468], [139.625, 37.9184], [139.6293, 37.8937], [139.6808, 37.847], [139.6819, 37.8467], [139.7149, 37.8499], [139.7409, 37.8202], [139.7283, 37.8122], [139.658, 37.7551], [139.6241, 37.7103], [139.6274, 37.6886], [139.5493, 37.6491], [139.5485, 37.6096], [139.565, 37.5974], [139.5658, 37.546], [139.5906, 37.5279], [139.5851, 37.5129], [139.4763, 37.5026], [139.4575, 37.5175], [139.4142, 37.5102], [139.3975, 37.4598], [139.3651, 37.469], [139.2512, 37.4524], [139.2984, 37.485], [139.2761, 37.5097], [139.2597, 37.5122], [139.2587, 37.5357], [139.2324, 37.5589], [139.219, 37.602], [139.1548, 37.6083], [139.1341, 37.6568], [139.1092, 37.6518], [139.0983, 37.6796], [139.1063, 37.6984], [139.0933, 37.7095], [139.1079, 37.7258], [139.0657, 37.7299], [139.0326, 37.6935], [139.0179, 37.71], [138.9928, 37.6957], [138.9927, 37.6798], [138.9669, 37.6807], [138.9504, 37.6527], [138.9208, 37.6555], [138.9327, 37.631], [138.881, 37.6201], [138.8311, 37.5937], [138.8375, 37.6182], [138.8229, 37.6453], [138.8082, 37.6367], [138.7874, 37.6552], [138.7903, 37.6765], [138.8056, 37.678], [138.8084, 37.7068], [138.7989, 37.7098], [138.7855, 37.7072], [138.8198, 37.7944], [138.874, 37.8424], [139.0688, 37.9589], [139.0697, 37.944], [139.1917, 37.9791], [139.2264, 38.0116]]]]}","{'code': '150010', 'name': '新潟県', 'enName': 'Niigata'}",150010
Feature,"{""type"": ""MultiPolygon"", ""coordinates"": [[[[138.6602, 37.5235], [138.7267, 37.5781], [138.7855, 37.7072], [138.7989, 37.7098], [138.8084, 37.7068], [138.8056, 37.678], [138.7903, 37.6765], [138.7874, 37.6552], [138.8082, 37.6367], [138.8229, 37.6453], [138.8375, 37.6182], [138.8311, 37.5937], [138.881, 37.6201], [138.9327, 37.631], [138.9208, 37.6555], [138.9504, 37.6527], [138.9669, 37.6807], [138.9927, 37.6798], [138.9928, 37.6957], [139.0179, 37.71], [139.0326, 37.6935], [139.0657, 37.7299], [139.1079, 37.7258], [139.0933, 37.7095], [139.1063, 37.6984], [139.0983, 37.6796], [139.1092, 37.6518], [139.1341, 37.6568], [139.1548, 37.6083], [139.219, 37.602], [139.2324, 37.5589], [139.2587, 37.5357], [139.2597, 37.5122], [139.2761, 37.5097], [139.2984, 37.485], [139.2512, 37.4524], [139.2236, 37.4492], [139.1972, 37.4108], [139.2316, 37.3877], [139.2348, 37.3505], [139.2179, 37.3342], [139.2134, 37.288], [139.1649, 37.2357], [139.1967, 37.194], [139.2208, 37.2091], [139.2379, 37.1878], [139.2538, 37.1651], [139.2358, 37.102], [139.2603, 37.0478], [139.2434, 37.0154], [139.2499, 36.956], [139.2319, 36.9405], [139.229, 36.961], [139.1865, 36.9599], [139.1803, 36.9645], [139.1711, 37.0019], [139.1083, 37.0554], [139.097, 37.0586], [139.0912, 37.0199], [139.0474, 36.9873], [138.9667, 36.9792], [138.9796, 36.892], [138.9324, 36.8936], [138.916, 36.851], [138.9299, 36.8334], [138.8565, 36.8116], [138.8217, 36.8176], [138.8269, 36.7723], [138.7894, 36.7449], [138.7295, 36.7624], [138.6959, 36.7385], [138.669, 36.7788], [138.6959, 36.8083], [138.6797, 36.8208], [138.6904, 36.8457], [138.6869, 36.8629], [138.6257, 36.8823], [138.6211, 36.904], [138.5889, 36.9139], [138.5868, 36.988], [138.5659, 37.0213], [138.5363, 37.021], [138.5247, 37.0304], [138.5445, 37.0857], [138.5245, 37.1068], [138.5275, 37.1369], [138.5658, 37.1704], [138.5519, 37.204], [138.5365, 37.1984], [138.5049, 37.226], [138.5385, 37.2661], [138.4324, 37.3029], [138.4185, 37.2943], [138.4203, 37.3053], [138.4181, 37.3066], [138.543, 37.3833], [138.5308, 37.3659], [138.5438, 37.3685], [138.6174, 37.4841], [138.6602, 37.5235]]]]}","{'code': '150020', 'name': '新潟県', 'enName': 'Niigata'}",150020
Feature,"{""type"": ""MultiPolygon"", ""coordinates"": [[[[138.4203, 37.3053], [138.4185, 37.2943], [138.4324, 37.3029], [138.5385, 37.2661], [138.5049, 37.226], [138.5365, 37.1984], [138.5519, 37.204], [138.5658, 37.1704], [138.5275, 37.1369], [138.5245, 37.1068], [138.5445, 37.0857], [138.5247, 37.0304], [138.5199, 37.0278], [138.5196, 37.0279], [138.4554, 37.0197], [138.3787, 36.9804], [138.3432, 36.9208], [138.2967, 36.9113], [138.2961, 36.8556], [138.2749, 36.8409], [138.2549, 36.87], [138.2174, 36.8664], [138.0892, 36.8357], [138.0544, 36.8001], [138.0035, 36.8264], [138.0325, 36.881], [138.0137, 36.904], [137.9624, 36.9021], [137.9233, 36.9186], [137.864, 36.9135], [137.8765, 36.8662], [137.8201, 36.7983], [137.7648, 36.7677], [137.7624, 36.7662], [137.7301, 36.8264], [137.7341, 36.869], [137.7135, 36.8914], [137.7113, 36.9441], [137.6666, 36.9502], [137.635, 36.9798], [137.9125, 37.0609], [138.0678, 37.1482], [138.1016, 37.1741], [138.1515, 37.1611], [138.2197, 37.1701], [138.2566, 37.2083], [138.2532, 37.1835], [138.4181, 37.3066], [138.4203, 37.3053]]]]}","{'code': '150030', 'name': '新潟県', 'enName': 'Niigata'}",150030
Feature,"{""type"": ""MultiPolygon"", ""coordinates"": [[[[138.503, 38.3322], [138.522, 38.3245], [138.5065, 38.2501], [138.4365, 38.1187], [138.4343, 38.0882], [138.4802, 38.0623], [138.5626, 38.088], [138.5746, 38.0627], [138.5001, 37.9203], [138.3597, 37.8305], [138.3054, 37.827], [138.2531, 37.8032], [138.2162, 37.8098], [138.2055, 37.8286], [138.2704, 37.8492], [138.2898, 37.8852], [138.2852, 37.9202], [138.3437, 37.9667], [138.3037, 38.0062], [138.2742, 38.0022], [138.2551, 37.9648], [138.2272, 37.9797], [138.2344, 38.0041], [138.2214, 38.0225], [138.2384, 38.028], [138.2396, 38.087], [138.2903, 38.1342], [138.3245, 38.1987], [138.3639, 38.2129], [138.402, 38.2546], [138.4373, 38.262], [138.4583, 38.3219], [138.503, 38.3322]]]]}","{'code': '150040', 'name': '新潟県', 'enName': 'Niigata', 'islandBold': True}",150040
Feature,"{""type"": ""MultiPolygon"", ""coordinates"": [[[[137.2309, 36.7666], [137.316, 36.7586], [137.3819, 36.8004], [137.3823, 36.8004], [137.4096, 36.861], [137.4089, 36.8973], [137.4261, 36.9222], [137.539, 36.9611], [137.5428, 36.9611], [137.6329, 36.9797], [137.635, 36.9798], [137.6666, 36.9502], [137.7113, 36.9441], [137.7135, 36.8914], [137.7341, 36.869], [137.7301, 36.8264], [137.7624, 36.7662], [137.7541, 36.754], [137.7606, 36.6646], [137.7468, 36.6246], [137.7467, 36.6245], [137.7509, 36.5883], [137.6877, 36.5621], [137.6846, 36.5378], [137.7106, 36.5357], [137.7037, 36.5267], [137.6943, 36.5107], [137.6687, 36.5095], [137.6365, 36.4284], [137.6083, 36.4195], [137.5873, 36.3898], [137.5783, 36.3927], [137.54, 36.3927], [137.5108, 36.4242], [137.4608, 36.4122], [137.4049, 36.4266], [137.3901, 36.4599], [137.3135, 36.425], [137.317, 36.4608], [137.279, 36.4651], [137.2564, 36.4511], [137.2481, 36.4619], [137.2478, 36.462], [137.2065, 36.4277], [137.1917, 36.4552], [137.1597, 36.4564], [137.0921, 36.3967], [137.0949, 36.384], [137.0584, 36.372], [137.047, 36.3734], [137.0643, 36.4525], [137.0503, 36.5029], [137.0284, 36.5029], [137.0361, 36.541], [137.0654, 36.6385], [137.0517, 36.6461], [137.0812, 36.6495], [137.0717, 36.6555], [137.0999, 36.6837], [137.1236, 36.6891], [137.1246, 36.7178], [137.1801, 36.758], [137.2309, 36.7666]]]]}","{'code': '160010', 'name': '富山県', 'enName': 'Toyama'}",160010
Feature,"{""type"": ""MultiPolygon"", ""coordinates"": [[[[137.029, 36.8219], [137.0681, 36.7939], [137.1142, 36.7821], [137.0942, 36.775], [137.0936, 36.7727], [137.0925, 36.772], [137.1039, 36.7697], [137.1332, 36.7569], [137.119, 36.7841], [137.1801, 36.758], [137.1246, 36.7178], [137.1236, 36.6891], [137.0999, 36.6837], [137.0717, 36.6555], [137.0812, 36.6495], [137.0517, 36.6461], [137.0654, 36.6385], [137.0361, 36.541], [137.0284, 36.5029], [137.0503, 36.5029], [137.0643, 36.4525], [137.047, 36.3734], [137.0584, 36.372], [137.0515, 36.3281], [137.0197, 36.3183], [137.0126, 36.2931], [136.9753, 36.2744], [136.9577, 36.2779], [136.9733, 36.3099], [136.9551, 36.3391], [136.9075, 36.3608], [136.8751, 36.3427], [136.8714, 36.3675], [136.8652, 36.3497], [136.8372, 36.3473], [136.8324, 36.3068], [136.7923, 36.2992], [136.7845, 36.3423], [136.8082, 36.3587], [136.7687, 36.429], [136.7967, 36.4447], [136.7951, 36.5108], [136.8172, 36.5526], [136.7911, 36.5694], [136.7895, 36.6054], [136.7861, 36.6296], [136.8238, 36.6702], [136.8156, 36.7005], [136.7893, 36.7191], [136.8335, 36.7431], [136.8451, 36.7557], [136.8508, 36.7869], [136.8734, 36.8677], [136.8857, 36.9138], [136.931, 36.9506], [136.9737, 36.9443], [136.9859, 36.9652], [136.988, 36.9671], [137.0517, 36.9592], [136.9849, 36.8768], [137.0168, 36.8294], [137.029, 36.8219]]]]}","{'code': '160020', 'name': '富山県', 'enName': 'Toyama'}",160020
Feature,"{""type"": ""MultiPolygon"", ""coordinates"": [[[[136.7861, 36.6296], [136.7895, 36.6054], [136.7911, 36.5694], [136.8172, 36.5526], [136.7951, 36.5108], [136.7967, 36.4447], [136.7687, 36.429], [136.8082, 36.3587], [136.7845, 36.3423], [136.7923, 36.2992], [136.8518, 36.247], [136.7986, 36.1729], [136.7664, 36.1626], [136.7808, 36.1417], [136.765, 36.1056], [136.7543, 36.0863], [136.6587, 36.0695], [136.6513, 36.0922], [136.5518, 36.1549], [136.5107, 36.1461], [136.4921, 36.1574], [136.4917, 36.1583], [136.4404, 36.1374], [136.4093, 36.1722], [136.3449, 36.1726], [136.3294, 36.202], [136.3323, 36.2298], [136.3017, 36.2579], [136.2668, 36.2651], [136.2439, 36.2953], [136.2993, 36.3524], [136.3723, 36.3834], [136.4262, 36.4303], [136.4263, 36.4303], [136.4651, 36.4718], [136.5571, 36.5677], [136.6182, 36.639], [136.6694, 36.701], [136.7243, 36.7899], [136.7432, 36.792], [136.8166, 36.7675], [136.8217, 36.782], [136.8451, 36.7557], [136.8335, 36.7431], [136.7893, 36.7191], [136.8156, 36.7005], [136.8238, 36.6702], [136.7861, 36.6296]]]]}","{'code': '170010', 'name': '石川県', 'enName': 'Ishikawa'}",170010
Feature,"{""type"": ""MultiPolygon"", ""coordinates"": [[[[136.6962, 37.2196], [136.7348, 37.2833], [136.7211, 37.3205], [136.7565, 37.3649], [136.8684, 37.4071], [136.926, 37.3953], [137.0859, 37.466], [137.123, 37.4917], [137.2754, 37.5334], [137.3461, 37.5154], [137.3402, 37.4829], [137.3605, 37.4507], [137.259, 37.4328], [137.239, 37.3733], [137.239, 37.3732], [137.2501, 37.3534], [137.2662, 37.358], [137.2525, 37.3404], [137.2676, 37.3362], [137.2397, 37.3028], [137.2305, 37.312], [137.234, 37.2947], [137.152, 37.307], [137.1545, 37.2952], [137.0989, 37.279], [137.0833, 37.2481], [137.0664, 37.2147], [137.0256, 37.2047], [137.0338, 37.1956], [137.0108, 37.1832], [136.946, 37.2164], [136.9668, 37.2341], [136.9243, 37.2338], [136.9324, 37.2206], [136.9063, 37.2178], [136.9293, 37.204], [136.9063, 37.2032], [136.8891, 37.1689], [136.8732, 37.1457], [136.9007, 37.1364], [136.8929, 37.1109], [136.8674, 37.1112], [136.872, 37.0875], [136.859, 37.078], [136.8749, 37.0699], [136.9156, 37.0917], [136.9859, 37.048], [137.0052, 37.0571], [137.0218, 37.1015], [137.0572, 37.109], [137.0517, 36.9592], [136.988, 36.9671], [136.9859, 36.9652], [136.9737, 36.9443], [136.931, 36.9506], [136.8857, 36.9138], [136.8734, 36.8677], [136.8508, 36.7869], [136.8451, 36.7557], [136.8217, 36.782], [136.8166, 36.7675], [136.7432, 36.792], [136.7243, 36.7899], [136.7579, 36.8661], [136.7677, 36.9033], [136.7546, 36.9371], [136.7684, 36.9637], [136.7694, 36.9989], [136.743, 37.0124], [136.7466, 37.0302], [136.7191, 37.0591], [136.7274, 37.1353], [136.7111, 37.1484], [136.6713, 37.143], [136.6798, 37.2071], [136.6962, 37.2196]]], [[[137.0377, 37.1681], [137.0543, 37.149], [137.0406, 37.1388], [137.0488, 37.1213], [136.9955, 37.1184], [136.9469, 37.0912], [136.9404, 37.1143], [136.9019, 37.1414], [136.9114, 37.155], [136.9234, 37.1303], [136.9407, 37.1462], [136.9773, 37.1402], [136.9675, 37.1553], [137.0049, 37.1352], [137.0377, 37.1681]]]]}","{'code': '170020', 'name': '石川県', 'enName': 'Ishikawa'}",170020
Feature,"{""type"": ""MultiPolygon"", ""coordinates"": [[[[131.4247, 32.053], [131.4331, 32.0557], [131.5075, 32.0463], [131.4752, 31.9193], [131.4546, 31.8994], [131.4864, 31.9231], [131.4529, 31.8612], [131.4544, 31.8158], [131.4885, 31.7854], [131.4682, 31.7209], [131.456, 31.6973], [131.4688, 31.6864], [131.4503, 31.6797], [131.4693, 31.6455], [131.4184, 31.6039], [131.406, 31.5633], [131.4019, 31.5822], [131.3977, 31.5589], [131.3822, 31.5558], [131.387, 31.5234], [131.3832, 31.5111], [131.3725, 31.5177], [131.3831, 31.4941], [131.3852, 31.4795], [131.3623, 31.4688], [131.3712, 31.4284], [131.3325, 31.3963], [131.3506, 31.3717], [131.3424, 31.3614], [131.3232, 31.3652], [131.3102, 31.3904], [131.2539, 31.3807], [131.2355, 31.4054], [131.2435, 31.4258], [131.2277, 31.4242], [131.2066, 31.4528], [131.1603, 31.4619], [131.1711, 31.5013], [131.2008, 31.5177], [131.1889, 31.5575], [131.2054, 31.5799], [131.1894, 31.6222], [131.2025, 31.637], [131.1603, 31.6706], [131.1852, 31.6993], [131.26, 31.7361], [131.2696, 31.7686], [131.24, 31.7788], [131.2406, 31.7974], [131.24, 31.7977], [131.2215, 31.8276], [131.2422, 31.8399], [131.2383, 31.8605], [131.2544, 31.8603], [131.2518, 31.8869], [131.1957, 31.8699], [131.1909, 31.9099], [131.2204, 31.9197], [131.199, 31.9397], [131.2099, 31.979], [131.1973, 31.9885], [131.167, 31.9935], [131.1503, 32.0245], [131.1671, 32.053], [131.1597, 32.0735], [131.1849, 32.0855], [131.1704, 32.1294], [131.1888, 32.1315], [131.1934, 32.1321], [131.1939, 32.1317], [131.2668, 32.0987], [131.3445, 32.0291], [131.3868, 32.0183], [131.4027, 32.0656], [131.4247, 32.053]]], [[[131.4106, 31.5423], [131.4174, 31.5115], [131.4035, 31.5276], [131.4106, 31.5423]]]]}","{'code': '450010', 'name': '宮崎県', 'enName': 'Miyazaki'}",450010
Feature,"{""type"": ""MultiPolygon"", ""coordinates"": [[[[131.8184, 32.6742], [131.8366, 32.6705], [131.8266, 32.6556], [131.8071, 32.6663], [131.8184, 32.6742]]], [[[131.7674, 32.8387], [131.7939, 32.8219], [131.8587, 32.8215], [131.847, 32.7359], [131.8857, 32.7459], [131.8583, 32.7318], [131.8655, 32.7167], [131.8502, 32.7221], [131.851, 32.6933], [131.8223, 32.7054], [131.7898, 32.662], [131.7778, 32.6745], [131.7654, 32.6427], [131.7507, 32.6455], [131.7736, 32.6404], [131.7554, 32.6028], [131.6933, 32.5667], [131.6845, 32.5092], [131.7144, 32.5198], [131.7102, 32.5023], [131.7281, 32.4967], [131.6899, 32.4688], [131.6603, 32.4836], [131.6508, 32.4577], [131.6423, 32.4385], [131.675, 32.4425], [131.6746, 32.4541], [131.6826, 32.4362], [131.655, 32.427], [131.6901, 32.4241], [131.6438, 32.4081], [131.629, 32.3424], [131.592, 32.306], [131.573, 32.238], [131.5434, 32.1574], [131.52, 32.0874], [131.5075, 32.0463], [131.4331, 32.0557], [131.4247, 32.053], [131.4027, 32.0656], [131.3868, 32.0183], [131.3445, 32.0291], [131.2668, 32.0987], [131.1939, 32.1317], [131.1934, 32.1321], [131.1908, 32.1464], [131.2224, 32.1721], [131.2556, 32.1659], [131.2812, 32.1811], [131.2677, 32.2009], [131.2804, 32.2101], [131.2503, 32.2153], [131.2213, 32.2596], [131.2264, 32.2752], [131.1751, 32.31], [131.1968, 32.3378], [131.1988, 32.3399], [131.2874, 32.309], [131.3415, 32.3295], [131.3513, 32.3671], [131.3785, 32.3549], [131.406, 32.3897], [131.4717, 32.4018], [131.4835, 32.4171], [131.4759, 32.4497], [131.5062, 32.4562], [131.5087, 32.4865], [131.5297, 32.4941], [131.5267, 32.5404], [131.4817, 32.5662], [131.4288, 32.5599], [131.4476, 32.5769], [131.4523, 32.6144], [131.4343, 32.6619], [131.4802, 32.7107], [131.4833, 32.7647], [131.5085, 32.7742], [131.5685, 32.7541], [131.5925, 32.7753], [131.7108, 32.7722], [131.7357, 32.8311], [131.7674, 32.8387]]]]}","{'code': '450020', 'name': '宮崎県', 'enName': 'Miyazaki'}",450020
Feature,"{""type"": ""MultiPolygon"", ""coordinates"": [[[[131.0133, 32.1743], [131.0588, 32.1548], [131.109, 32.1601], [131.1336, 32.1364], [131.1704, 32.1294], [131.1849, 32.0855], [131.1597, 32.0735], [131.1671, 32.053], [131.1503, 32.0245], [131.167, 31.9935], [131.1973, 31.9885], [131.2099, 31.979], [131.199, 31.9397], [131.2204, 31.9197], [131.1909, 31.9099], [131.1957, 31.8699], [131.2518, 31.8869], [131.2544, 31.8603], [131.2383, 31.8605], [131.2422, 31.8399], [131.2215, 31.8276], [131.24, 31.7977], [131.2406, 31.7974], [131.24, 31.7788], [131.2696, 31.7686], [131.26, 31.7361], [131.1852, 31.6993], [131.1603, 31.6706], [131.2025, 31.637], [131.1894, 31.6222], [131.1859, 31.6248], [131.1699, 31.6335], [131.1183, 31.6292], [131.0793, 31.6602], [131.0546, 31.6333], [131.0256, 31.6669], [131.0169, 31.7472], [130.9785, 31.7516], [130.9903, 31.7775], [130.8888, 31.8066], [130.8845, 31.8054], [130.8751, 31.8428], [130.914, 31.8858], [130.9138, 31.886], [130.897, 31.8878], [130.8614, 31.9339], [130.8424, 31.9419], [130.8164, 31.9412], [130.7836, 31.9797], [130.7779, 32.0155], [130.7402, 32.0445], [130.7034, 32.0585], [130.7206, 32.1008], [130.8574, 32.0997], [130.8784, 32.1213], [130.9084, 32.1321], [130.9134, 32.1304], [130.9535, 32.1154], [130.9745, 32.1208], [130.9924, 32.1579], [131.0133, 32.1743]]]]}","{'code': '450030', 'name': '宮崎県', 'enName': 'Miyazaki'}",450030
Feature,"{""type"": ""MultiPolygon"", ""coordinates"": [[[[131.3358, 32.8328], [131.3471, 32.828], [131.3585, 32.8042], [131.4212, 32.8119], [131.4751, 32.8372], [131.4779, 32.8337], [131.5175, 32.8008], [131.5085, 32.7742], [131.4833, 32.7647], [131.4802, 32.7107], [131.4343, 32.6619], [131.4523, 32.6144], [131.4476, 32.5769], [131.4288, 32.5599], [131.4817, 32.5662], [131.5267, 32.5404], [131.5297, 32.4941], [131.5087, 32.4865], [131.5062, 32.4562], [131.4759, 32.4497], [131.4835, 32.4171], [131.4717, 32.4018], [131.406, 32.3897], [131.3785, 32.3549], [131.3513, 32.3671], [131.3415, 32.3295], [131.2874, 32.309], [131.1988, 32.3399], [131.1968, 32.3378], [131.1751, 32.31], [131.2264, 32.2752], [131.2213, 32.2596], [131.2503, 32.2153], [131.2804, 32.2101], [131.2677, 32.2009], [131.2812, 32.1811], [131.2556, 32.1659], [131.2224, 32.1721], [131.1908, 32.1464], [131.1934, 32.1321], [131.1888, 32.1315], [131.1704, 32.1294], [131.1336, 32.1364], [131.109, 32.1601], [131.1005, 32.2016], [131.0471, 32.2443], [131.0511, 32.2864], [131.0787, 32.2813], [131.1012, 32.3117], [131.1119, 32.3301], [131.0743, 32.361], [131.0682, 32.4074], [131.0434, 32.4083], [131.0158, 32.4611], [131.0143, 32.4627], [131.0195, 32.5492], [131.039, 32.5544], [131.0522, 32.5877], [131.105, 32.5796], [131.1198, 32.5993], [131.1162, 32.6427], [131.1435, 32.6763], [131.1751, 32.6719], [131.1793, 32.7104], [131.2346, 32.7443], [131.235, 32.7443], [131.2342, 32.7534], [131.2465, 32.7694], [131.2346, 32.781], [131.2652, 32.8265], [131.3295, 32.833], [131.3358, 32.8328]]]]}","{'code': '450040', 'name': '宮崎県', 'enName': 'Miyazaki'}",450040
Feature,"{""type"": ""MultiPolygon"", ""coordinates"": [[[[130.6789, 31.6293], [130.7173, 31.6026], [130.7103, 31.5673], [130.7239, 31.5622], [130.7069, 31.5573], [130.6983, 31.5557], [130.6391, 31.5451], [130.5919, 31.5811], [130.6273, 31.621], [130.6789, 31.6293]]], [[[130.6114, 31.6729], [130.6191, 31.6571], [130.5628, 31.5972], [130.5627, 31.553], [130.5371, 31.5335], [130.5346, 31.5054], [130.5214, 31.5093], [130.5376, 31.5019], [130.5315, 31.4845], [130.5138, 31.4907], [130.5192, 31.4715], [130.5457, 31.479], [130.5138, 31.4576], [130.5348, 31.3946], [130.5582, 31.3862], [130.5417, 31.3849], [130.5842, 31.3044], [130.6248, 31.2747], [130.6677, 31.2674], [130.65, 31.2445], [130.6576, 31.2202], [130.6297, 31.2108], [130.6483, 31.2034], [130.6401, 31.1898], [130.595, 31.1793], [130.5871, 31.1553], [130.5543, 31.1787], [130.5217, 31.1644], [130.5061, 31.1782], [130.5086, 31.2134], [130.4595, 31.2513], [130.3686, 31.2519], [130.2923, 31.2587], [130.291, 31.2695], [130.2781, 31.246], [130.2622, 31.2562], [130.2144, 31.2496], [130.2293, 31.2682], [130.2149, 31.2754], [130.2295, 31.2814], [130.2008, 31.2823], [130.1991, 31.2959], [130.2255, 31.3086], [130.1734, 31.3236], [130.2081, 31.349], [130.132, 31.4116], [130.1066, 31.413], [130.1222, 31.4235], [130.1354, 31.413], [130.1598, 31.4402], [130.1867, 31.4103], [130.1928, 31.4295], [130.1932, 31.4085], [130.2278, 31.3997], [130.2716, 31.4269], [130.313, 31.4908], [130.335, 31.5791], [130.3156, 31.6586], [130.2986, 31.6614], [130.2754, 31.7053], [130.2521, 31.7102], [130.2633, 31.7157], [130.2506, 31.7317], [130.2115, 31.7561], [130.1892, 31.7464], [130.1802, 31.7788], [130.1663, 31.7949], [130.1976, 31.8504], [130.1823, 31.8552], [130.1976, 31.8506], [130.1951, 31.8669], [130.2148, 31.8812], [130.22, 31.9286], [130.2035, 31.9833], [130.1732, 31.9918], [130.2076, 32.0605], [130.1714, 32.0887], [130.1813, 32.1106], [130.2273, 32.1288], [130.2333, 32.1282], [130.3096, 32.1082], [130.3524, 32.1358], [130.3607, 32.1686], [130.3608, 32.1686], [130.4029, 32.1201], [130.4758, 32.1224], [130.4774, 32.1391], [130.5403, 32.1367], [130.542, 32.1495], [130.5827, 32.1549], [130.5917, 32.186], [130.6054, 32.1865], [130.6227, 32.1561], [130.6516, 32.1513], [130.6554, 32.1355], [130.7206, 32.1008], [130.7034, 32.0585], [130.7402, 32.0445], [130.7779, 32.0155], [130.7836, 31.9797], [130.8164, 31.9412], [130.8424, 31.9419], [130.8614, 31.9339], [130.897, 31.8878], [130.9138, 31.886], [130.914, 31.8858], [130.8751, 31.8428], [130.8845, 31.8054], [130.8745, 31.7692], [130.901, 31.7522], [130.8874, 31.7355], [130.9112, 31.6669], [130.8688, 31.6656], [130.8836, 31.6228], [130.8549, 31.6164], [130.8234, 31.6048], [130.8028, 31.631], [130.8011, 31.6319], [130.8232, 31.6597], [130.7968, 31.7006], [130.7342, 31.7074], [130.7308, 31.7244], [130.6897, 31.7347], [130.6722, 31.728], [130.6281, 31.7141], [130.6114, 31.6729]]], [[[130.1743, 32.2294], [130.2007, 32.1967], [130.1859, 32.1643], [130.2047, 32.1696], [130.2098, 32.1552], [130.1711, 32.1338], [130.1779, 32.1177], [130.1571, 32.0895], [130.1112, 32.1257], [130.1156, 32.1571], [130.0907, 32.1807], [130.1219, 32.2004], [130.1069, 32.2149], [130.1553, 32.1971], [130.1455, 32.2171], [130.1556, 32.2284], [130.1645, 32.2123], [130.1743, 32.2294]]], [[[130.1946, 32.2445], [130.2114, 32.2208], [130.2054, 32.2044], [130.1873, 32.2214], [130.1946, 32.2445]]], [[[130.1867, 32.269], [130.1613, 32.2282], [130.1589, 32.245], [130.1867, 32.269]]], [[[130.2573, 32.3064], [130.2689, 32.2798], [130.2351, 32.2624], [130.2426, 32.2534], [130.2301, 32.2631], [130.2147, 32.2501], [130.2201, 32.2918], [130.2573, 32.3064]]], [[[129.8396, 31.8191], [129.8445, 31.7979], [129.8226, 31.7746], [129.8112, 31.7994], [129.8396, 31.8191]]]]}","{'code': '460010', 'name': '鹿児島県（奄美地方除く）', 'enName': 'Kagoshima (Excluding Amami)'}",460010
Feature,"{""type"": ""MultiPolygon"", ""coordinates"": [[[[130.8888, 31.8066], [130.9903, 31.7775], [130.9785, 31.7516], [131.0169, 31.7472], [131.0256, 31.6669], [131.0546, 31.6333], [131.0793, 31.6602], [131.1183, 31.6292], [131.1699, 31.6335], [131.1859, 31.6248], [131.1894, 31.6222], [131.2054, 31.5799], [131.1889, 31.5575], [131.2008, 31.5177], [131.1711, 31.5013], [131.1603, 31.4619], [131.1088, 31.4657], [131.1087, 31.4763], [131.0843, 31.4595], [131.0913, 31.4486], [131.0782, 31.4582], [131.0604, 31.4462], [131.0212, 31.3948], [131.0157, 31.3588], [131.1089, 31.3306], [131.1053, 31.3115], [131.0731, 31.2919], [131.077, 31.2714], [131.1322, 31.2813], [131.0665, 31.2279], [131.017, 31.228], [130.985, 31.1797], [130.9954, 31.1694], [130.9725, 31.1664], [130.9775, 31.1496], [130.9011, 31.1132], [130.7479, 31.061], [130.6575, 30.9963], [130.6789, 31.0533], [130.6532, 31.0706], [130.7444, 31.1317], [130.7668, 31.1814], [130.7534, 31.2113], [130.7677, 31.2253], [130.79, 31.2521], [130.793, 31.2957], [130.8035, 31.3343], [130.7603, 31.414], [130.6882, 31.4781], [130.7071, 31.536], [130.6983, 31.5557], [130.7069, 31.5573], [130.7671, 31.5637], [130.8011, 31.6319], [130.8028, 31.631], [130.8234, 31.6048], [130.8549, 31.6164], [130.8836, 31.6228], [130.8688, 31.6656], [130.9112, 31.6669], [130.8874, 31.7355], [130.901, 31.7522], [130.8745, 31.7692], [130.8845, 31.8054], [130.8888, 31.8066]]], [[[130.9606, 31.5307], [130.9602, 31.5396], [130.9539, 31.5362], [130.9606, 31.5307]]], [[[131.0326, 31.3776], [131.0354, 31.3679], [131.0357, 31.3648], [131.0254, 31.3632], [131.0326, 31.3776]]]]}","{'code': '460020', 'name': '鹿児島県（奄美地方除く）', 'enName': 'Kagoshima (Excluding Amami)'}",460020
Feature,"{""type"": ""MultiPolygon"", ""coordinates"": [[[[130.8576, 30.7658], [130.8652, 30.7318], [130.8369, 30.7273], [130.8576, 30.7658]]], [[[131.0565, 30.8398], [131.0834, 30.7833], [131.0718, 30.7638], [131.0786, 30.6964], [131.0539, 30.6668], [131.0551, 30.6047], [131.0329, 30.5875], [131.0285, 30.555], [131.0004, 30.5491], [130.9808, 30.5187], [130.9633, 30.4526], [130.9794, 30.438], [130.9679, 30.3728], [130.9371, 30.3755], [130.8721, 30.3448], [130.8487, 30.465], [130.8695, 30.4638], [130.8813, 30.4816], [130.8814, 30.4816], [130.9441, 30.5674], [130.9492, 30.6356], [130.9417, 30.6727], [130.9789, 30.7257], [130.9935, 30.7259], [131.0028, 30.7849], [131.0565, 30.8398]]], [[[130.3035, 30.8084], [130.3181, 30.7834], [130.2619, 30.7818], [130.3035, 30.8084]]], [[[130.4277, 30.8197], [130.4422, 30.8001], [130.3962, 30.8078], [130.4277, 30.8197]]], [[[129.9392, 30.8515], [129.9642, 30.8285], [129.9382, 30.8124], [129.9116, 30.8193], [129.9052, 30.8391], [129.9392, 30.8515]]], [[[130.498, 30.4695], [130.4997, 30.4526], [130.5438, 30.4473], [130.6717, 30.376], [130.6652, 30.3155], [130.5822, 30.2389], [130.5223, 30.2263], [130.4425, 30.2359], [130.4139, 30.2654], [130.4131, 30.2969], [130.3809, 30.3511], [130.3784, 30.3927], [130.4201, 30.3967], [130.4641, 30.4367], [130.4641, 30.4571], [130.4943, 30.4546], [130.498, 30.4695]]], [[[130.1469, 30.4903], [130.2355, 30.4699], [130.2641, 30.4344], [130.2097, 30.4221], [130.1914, 30.4416], [130.1957, 30.4614], [130.169, 30.4566], [130.1469, 30.4903]]]]}","{'code': '460030', 'name': '鹿児島県（奄美地方除く）', 'enName': 'Kagoshima (Excluding Amami)', 'islandBold': True}",460030
Feature,"{""type"": ""MultiPolygon"", ""coordinates"": [[[[127.6686, 26.2461], [127.675, 26.2461], [127.681, 26.2439], [127.6829, 26.2433], [127.6851, 26.2426], [127.6729, 26.2553], [127.7196, 26.2747], [127.7244, 26.2727], [127.757, 26.295], [127.7459, 26.3426], [127.7383, 26.3619], [127.7132, 26.4417], [127.7419, 26.4223], [127.786, 26.4159], [127.7883, 26.4217], [127.8318, 26.45], [127.8354, 26.4496], [127.8416, 26.4353], [127.827, 26.4235], [127.8743, 26.3862], [127.875, 26.3576], [127.9148, 26.3319], [127.9239, 26.3086], [127.9158, 26.2943], [127.8649, 26.3439], [127.8426, 26.3346], [127.8349, 26.3223], [127.8476, 26.3146], [127.8285, 26.3109], [127.8493, 26.3015], [127.8287, 26.3041], [127.8144, 26.2901], [127.8147, 26.2898], [127.7875, 26.2319], [127.77, 26.2075], [127.7606, 26.2023], [127.7761, 26.1886], [127.79, 26.1705], [127.7921, 26.1849], [127.8213, 26.1915], [127.8311, 26.1669], [127.7622, 26.126], [127.7316, 26.0982], [127.6812, 26.0752], [127.6577, 26.0813], [127.6685, 26.1335], [127.6507, 26.1267], [127.648, 26.1453], [127.6693, 26.1522], [127.6473, 26.1533], [127.6507, 26.1752], [127.6401, 26.1753], [127.6407, 26.2077], [127.6524, 26.2178], [127.6718, 26.2054], [127.6602, 26.2183], [127.684, 26.2258], [127.6686, 26.2461]]], [[[127.8431, 26.3344], [127.8432, 26.3344], [127.8618, 26.3436], [127.87, 26.33], [127.8556, 26.3262], [127.8431, 26.3344]]], [[[127.9527, 26.3291], [127.9689, 26.3227], [127.9601, 26.3092], [127.9527, 26.3291]]], [[[127.9657, 26.3651], [127.9756, 26.3511], [127.9398, 26.336], [127.9429, 26.3635], [127.9657, 26.3651]]], [[[127.988, 26.3851], [127.9959, 26.3616], [127.9756, 26.3523], [127.9692, 26.3682], [127.988, 26.3851]]], [[[127.3572, 26.2265], [127.3729, 26.1902], [127.3476, 26.1457], [127.3389, 26.1828], [127.3572, 26.2265]]], [[[127.2809, 26.2115], [127.2934, 26.1942], [127.2756, 26.1866], [127.2648, 26.1985], [127.2809, 26.2115]]], [[[127.3101, 26.252], [127.3329, 26.2283], [127.3196, 26.2402], [127.3082, 26.2186], [127.2828, 26.2275], [127.3101, 26.252]]], [[[127.28191999999999, 26.589260000000003], [127.26691999999998, 26.624260000000003], [127.23191999999999, 26.639260000000004], [127.19691999999999, 26.624260000000003], [127.18191999999999, 26.589260000000003], [127.19691999999999, 26.554260000000003], [127.23191999999999, 26.539260000000002], [127.26691999999998, 26.554260000000003], [127.28191999999999, 26.589260000000003]]], [[[127.1469, 26.382], [127.1615, 26.364], [127.1465, 26.3484], [127.1366, 26.3715], [127.1469, 26.382]]]]}","{'code': '471010', 'name': '沖縄本島地方', 'enName': 'Okinawa Main Island', 'islandBold': True}",471010
Feature,"{""type"": ""MultiPolygon"", ""coordinates"": [[[[128.0208, 27.0945], [127.9914, 27.0442], [127.9449, 27.019], [127.9345, 26.9949], [127.9507, 27.0446], [127.996, 27.0893], [128.0208, 27.0945]]], [[[127.9376, 26.9557], [127.9573, 26.935], [127.9392, 26.9106], [127.9118, 26.9372], [127.9376, 26.9557]]], [[[128.2577, 26.8755], [128.2902, 26.8416], [128.3059, 26.8448], [128.3276, 26.7562], [128.2648, 26.6677], [128.2363, 26.6308], [128.1484, 26.6293], [128.1518, 26.5979], [128.1238, 26.6033], [128.1286, 26.5927], [128.1511, 26.5684], [128.1387, 26.5536], [128.0951, 26.5342], [128.0425, 26.5595], [128.0333, 26.553], [128.0532, 26.5205], [127.9977, 26.5096], [127.9987, 26.4813], [127.9468, 26.4646], [127.9488, 26.4377], [127.8711, 26.4576], [127.8416, 26.4353], [127.8354, 26.4496], [127.8318, 26.45], [127.7883, 26.4217], [127.786, 26.4159], [127.7419, 26.4223], [127.7714, 26.4464], [127.7996, 26.4378], [127.8119, 26.4644], [127.8459, 26.4814], [127.845, 26.5045], [127.8875, 26.5032], [127.9293, 26.5315], [127.9336, 26.5437], [127.9645, 26.5418], [127.9836, 26.5858], [127.9002, 26.6056], [127.8774, 26.641], [127.895, 26.6605], [127.8742, 26.6847], [127.8802, 26.7099], [127.9182, 26.7021], [127.9497, 26.7085], [128.0084, 26.6855], [127.9886, 26.6466], [127.9905, 26.6469], [128.0254, 26.6268], [128.0804, 26.6459], [128.1115, 26.6683], [128.1233, 26.6602], [128.0986, 26.6806], [128.1547, 26.7177], [128.153, 26.7458], [128.184, 26.7498], [128.232, 26.798], [128.2577, 26.8755]]], [[[128.0201, 26.6806], [128.031, 26.6439], [127.9936, 26.6601], [128.0201, 26.6806]]], [[[128.0167, 26.7145], [128.028, 26.7096], [128.02, 26.694], [128.0167, 26.7145]]], [[[127.8079, 26.7391], [127.8287, 26.7099], [127.7495, 26.718], [127.7596, 26.7376], [127.8079, 26.7391]]]]}","{'code': '471020', 'name': '沖縄本島地方', 'enName': 'Okinawa Main Island', 'islandBold': True}",471020
Feature,"{""type"": ""MultiPolygon"", ""coordinates"": [[[[126.7761, 26.3913], [126.8259, 26.3521], [126.8054, 26.3246], [126.8116, 26.2912], [126.7788, 26.3063], [126.7603, 26.3422], [126.714, 26.3597], [126.7301, 26.3405], [126.7078, 26.3574], [126.7148, 26.3735], [126.7761, 26.3913]]], [[[128.27747333333335, 27.873986666666667], [128.26247333333333, 27.908986666666667], [128.22747333333334, 27.923986666666668], [128.19247333333334, 27.908986666666667], [128.17747333333332, 27.873986666666667], [128.19247333333334, 27.838986666666667], [128.22747333333334, 27.823986666666666], [128.26247333333333, 27.838986666666667], [128.27747333333335, 27.873986666666667]]]]}","{'code': '471030', 'name': '沖縄本島地方', 'enName': 'Okinawa Main Island', 'islandBold': True}",471030
Feature,"{""type"": ""MultiPolygon"", ""coordinates"": [[[[125.2419, 24.7317], [125.2567, 24.7155], [125.2409, 24.7165], [125.2419, 24.7317]]], [[[125.1401, 24.8446], [125.1716, 24.8046], [125.1449, 24.8071], [125.1401, 24.8446]]], [[[125.1633, 24.8654], [125.2147, 24.8415], [125.2219, 24.8141], [125.2064, 24.7988], [125.1561, 24.8339], [125.1633, 24.8654]]], [[[125.267, 24.9148], [125.3356, 24.822], [125.3352, 24.7989], [125.4338, 24.7607], [125.4694, 24.7192], [125.3708, 24.7294], [125.3088, 24.7116], [125.2974, 24.7338], [125.2951, 24.7183], [125.2608, 24.7357], [125.2611, 24.7685], [125.2662, 24.7512], [125.2851, 24.7532], [125.2565, 24.7954], [125.2965, 24.8467], [125.2552, 24.91], [125.2683, 24.9028], [125.267, 24.9148]]], [[[125.2399, 24.9383], [125.2558, 24.9243], [125.235, 24.9276], [125.2399, 24.9383]]], [[[124.7108, 24.6773], [124.7266, 24.6665], [124.7253, 24.6437], [124.6764, 24.6422], [124.6742, 24.6667], [124.7108, 24.6773]]], [[[124.695, 24.7619], [124.7059, 24.7446], [124.6827, 24.7582], [124.695, 24.7619]]]]}","{'code': '473000', 'name': '宮古島地方', 'enName': 'Miyakojima', 'islandBold': True}",473000
Feature,"{""type"": ""MultiPolygon"", ""coordinates"": [[[[124.3165, 24.6121], [124.3397, 24.6055], [124.3403, 24.5867], [124.3044, 24.5464], [124.2815, 24.4879], [124.2511, 24.4631], [124.2499, 24.3598], [124.2376, 24.3455], [124.2018, 24.3545], [124.1817, 24.3306], [124.1454, 24.3371], [124.1448, 24.351], [124.111, 24.3655], [124.1392, 24.3879], [124.1431, 24.4138], [124.1204, 24.4346], [124.0846, 24.4162], [124.069, 24.4314], [124.0774, 24.4535], [124.1178, 24.4457], [124.1176, 24.4823], [124.1442, 24.4643], [124.1403, 24.4423], [124.1526, 24.4547], [124.223, 24.4554], [124.2284, 24.4988], [124.2564, 24.5197], [124.2791, 24.507], [124.296, 24.5419], [124.2832, 24.5616], [124.3165, 24.6121]]], [[[123.5504, 25.7256], [123.5546, 25.7233], [123.5555, 25.7208], [123.5449, 25.7224], [123.5463, 25.7251], [123.5504, 25.7256]]], [[[123.5415, 25.7345], [123.5426, 25.731], [123.5456, 25.729], [123.5448, 25.7263], [123.5425, 25.7253], [123.5378, 25.7317], [123.541, 25.7344], [123.5415, 25.7345]]], [[[123.4765, 25.7518], [123.4932, 25.7424], [123.4595, 25.7352], [123.4765, 25.7518]]], [[[124.60853999999999, 25.922520000000002], [124.59353999999999, 25.957520000000002], [124.55854, 25.972520000000003], [124.52354, 25.957520000000002], [124.50854, 25.922520000000002], [124.52354, 25.887520000000002], [124.55854, 25.87252], [124.59353999999999, 25.887520000000002], [124.60853999999999, 25.922520000000002]]], [[[123.73062, 25.92482], [123.71562, 25.95982], [123.68062, 25.97482], [123.64562000000001, 25.95982], [123.63062000000001, 25.92482], [123.64562000000001, 25.88982], [123.68062, 25.87482], [123.71562, 25.88982], [123.73062, 25.92482]]], [[[123.7871, 24.0717], [123.8097, 24.0643], [123.8054, 24.0498], [123.7535, 24.0523], [123.7871, 24.0717]]], [[[123.9345, 24.2214], [123.9328, 24.2091], [123.9207, 24.2173], [123.9345, 24.2214]]], [[[124.0042, 24.2539], [124.03, 24.2413], [124.011, 24.2206], [123.9911, 24.2415], [124.0042, 24.2539]]], [[[124.0869, 24.3405], [124.102, 24.3209], [124.0861, 24.3118], [124.0759, 24.3252], [124.0869, 24.3405]]], [[[123.9744, 24.3548], [124.0035, 24.3273], [123.9523, 24.3301], [123.9744, 24.3548]]], [[[123.782, 24.4373], [123.8159, 24.3904], [123.8328, 24.4077], [123.8617, 24.3948], [123.8734, 24.4039], [123.8871, 24.3839], [123.9398, 24.3649], [123.9283, 24.3161], [123.9117, 24.3255], [123.9045, 24.2752], [123.881, 24.2804], [123.8806, 24.2562], [123.7556, 24.2794], [123.7239, 24.2995], [123.7186, 24.2781], [123.6806, 24.2826], [123.6619, 24.308], [123.6873, 24.3106], [123.6866, 24.3327], [123.7109, 24.3156], [123.7037, 24.3501], [123.7155, 24.3279], [123.7274, 24.3431], [123.7516, 24.3127], [123.743, 24.3936], [123.782, 24.4373]]]]}","{'code': '474010', 'name': '八重山地方', 'enName': 'Yaeyama', 'islandBold': True}",474010
Feature,"{""type"": ""MultiPolygon"", ""coordinates"": [[[[123.04124999999999, 24.461783333333333], [123.02624999999999, 24.496783333333333], [122.99125, 24.511783333333334], [122.95625, 24.496783333333333], [122.94125, 24.461783333333333], [122.95625, 24.426783333333333], [122.99125, 24.411783333333332], [123.02624999999999, 24.426783333333333], [123.04124999999999, 24.461783333333333]]]]}","{'code': '474020', 'name': '八重山地方', 'enName': 'Yaeyama', 'islandBold': True}",474020
Feature,"{""type"": ""MultiPolygon"", ""coordinates"": [[[[139.5504, 39.2086], [139.5645, 39.1968], [139.5443, 39.1814], [139.5504, 39.2086]]]]}","{'code': '060030', 'name': '山形県', 'islandBold': True}",060030
Feature,"{""type"": ""MultiPolygon"", ""coordinates"": [[[[139.2561, 38.491], [139.248, 38.4533], [139.2138, 38.4384], [139.2561, 38.491]]]]}","{'code': '150010', 'name': '新潟県', 'islandBold': True}",150010
Feature,"{""type"": ""MultiPolygon"", ""coordinates"": [[[[129.7851, 31.7911], [129.8049, 31.7821], [129.7933, 31.7776], [129.8019, 31.7639], [129.7689, 31.713], [129.7394, 31.7061], [129.7441, 31.6875], [129.7251, 31.6702], [129.7379, 31.6549], [129.714, 31.6221], [129.7074, 31.6373], [129.6888, 31.6213], [129.6648, 31.6341], [129.6581, 31.6592], [129.6822, 31.6626], [129.6972, 31.7167], [129.7763, 31.7416], [129.7851, 31.7911]]], [[[129.8521, 31.883], [129.9109, 31.8429], [129.9052, 31.8684], [129.9391, 31.8702], [129.9197, 31.8451], [129.9298, 31.824], [129.904, 31.825], [129.8722, 31.8008], [129.8735, 31.8204], [129.8546, 31.8249], [129.8587, 31.8378], [129.8455, 31.8299], [129.8412, 31.8501], [129.8653, 31.8599], [129.8468, 31.8554], [129.8421, 31.8699], [129.8348, 31.8373], [129.8182, 31.8495], [129.8354, 31.8822], [129.8521, 31.883]]], [[[129.4942, 31.188175], [129.4792, 31.223175], [129.4442, 31.238175000000002], [129.4092, 31.223175], [129.39419999999998, 31.188175], [129.4092, 31.153175], [129.4442, 31.138175], [129.4792, 31.153175], [129.4942, 31.188175]]]]}","{'code': '460010', 'name': '鹿児島県（奄美地方除く）', 'islandBold': True}",460010
