観測所,lat,lon,時間,気温
宗谷岬,45.52,141.935,05時09分,16.9
稚内,45.415,141.67833333333334,05時36分,17.2
礼文,45.305,141.045,00時27分,17.1
声問,45.403333333333336,141.80166666666668,05時32分,16.3
浜鬼志別,45.335,142.17,04時37分,17.3
本泊,45.24166666666667,141.18666666666667,11時29分,16.6
沼川,45.248333333333335,141.85166666666666,05時16分,15.7
沓形,45.178333333333335,141.13833333333332,12時04分,19.9
豊富,45.10166666666667,141.78,11時45分,16.2
浜頓別,45.125,142.35,07時52分,16.2
中頓別,44.965,142.28,07時52分,17.5
北見枝幸,44.94,142.585,08時00分,17.2
歌登,44.84166666666667,142.48,09時47分,16.2
中川,44.82833333333333,142.07666666666665,09時28分,18.0
音威子府,44.72666666666667,142.265,08時27分,17.8
美深,44.48,142.34166666666667,07時55分,18.1
名寄,44.37,142.45666666666668,10時38分,17.9
下川,44.295,142.63666666666666,00時40分,17.2
士別,44.18666666666667,142.41666666666666,00時12分,17.7
朝日,44.11833333333333,142.595,01時18分,19.0
和寒,44.028333333333336,142.41,12時33分,17.7
江丹別,43.87,142.26,13時24分,19.6
比布,43.87,142.47,14時00分,18.8
上川,43.84666666666666,142.75333333333333,11時06分,18.9
旭川,43.75666666666667,142.37166666666667,16時28分,19.0
東川,43.70166666666667,142.50833333333333,12時40分,19.4
東神楽,43.67,142.44666666666666,12時15分,18.9
志比内,43.64333333333333,142.58166666666668,23時53分,21.0
美瑛,43.58833333333333,142.49333333333334,24時00分,21.0
上富良野,43.455,142.465,12時43分,26.2
富良野,43.333333333333336,142.4,11時55分,27.2
麓郷,43.30166666666667,142.52166666666668,13時22分,25.6
幾寅,43.16833333333334,142.56833333333333,00時01分,23.3
占冠,42.97833333333333,142.395,12時48分,28.7
朱鞠内,44.281666666666666,142.16166666666666,10時22分,16.5
幌加内,44.01,142.16,01時18分,17.6
天塩,44.89333333333333,141.76166666666666,08時22分,18.1
遠別,44.71833333333333,141.80666666666667,07時06分,18.8
初山別,44.52333333333333,141.77,07時30分,20.5
焼尻,44.428333333333335,141.42166666666665,06時17分,20.8
羽幌,44.36333333333334,141.7,06時53分,20.0
達布,44.04833333333333,141.85666666666663,00時16分,19.6
留萌,43.945,141.63166666666666,16時15分,22.5
増毛,43.848333333333336,141.51,11時01分,23.3
幌糠,43.85333333333333,141.76,14時46分,22.4
浜益,43.58166666666666,141.38666666666666,13時52分,26.3
厚田,43.39666666666667,141.43666666666667,13時56分,27.3
新篠津,43.22,141.645,11時07分,28.6
山口,43.14833333333333,141.22166666666666,14時38分,27.4
石狩,43.193333333333335,141.37,13時14分,27.4
江別,43.11,141.60166666666666,11時27分,29.0
札幌,43.06,141.32833333333335,10時24分,29.4
恵庭島松,42.92666666666667,141.565,11時25分,29.9
支笏湖畔,42.77166666666667,141.40666666666667,11時04分,28.1
千歳,42.775,141.69166666666666,12時00分,29.8
石狩沼田,43.815,141.92666666666668,13時11分,21.0
秩父別,43.78,141.96166666666667,23時50分,21.3
深川,43.71833333333333,142.07333333333332,13時28分,20.5
空知吉野,43.595,141.73166666666663,12時58分,24.6
滝川,43.57,141.93833333333333,24時00分,23.6
芦別,43.52,142.19,12時24分,26.1
月形,43.33,141.61666666666667,13時38分,27.2
美唄,43.36333333333334,141.82666666666665,12時38分,26.8
岩見沢,43.211666666666666,141.785,12時11分,30.0
長沼,43.01166666666666,141.69333333333333,11時05分,30.8
夕張,43.03833333333333,141.95666666666668,12時32分,29.3
美国,43.27166666666667,140.56333333333333,11時57分,25.9
神恵内,43.145,140.42333333333335,10時57分,25.8
余市,43.181666666666665,140.75833333333333,11時41分,28.3
小樽,43.181666666666665,141.015,14時21分,28.4
共和,42.98,140.60333333333332,12時42分,27.6
蘭越,42.81,140.54166666666666,11時01分,29.4
倶知安,42.9,140.75666666666666,11時23分,28.4
寿都,42.795,140.22333333333333,11時26分,28.2
真狩,42.775,140.88,10時51分,26.5
喜茂別,42.79333333333334,140.94833333333332,12時47分,28.5
黒松内,42.66333333333333,140.31,10時24分,29.4
雄武,44.58,142.96333333333334,21時00分,17.9
興部,44.47,143.10833333333332,18時37分,17.5
西興部,44.33166666666666,142.935,08時05分,16.6
紋別,44.345,143.355,15時50分,17.5
紋別小向,44.303333333333335,143.40333333333334,16時23分,17.6
湧別,44.21333333333333,143.61833333333334,17時25分,17.6
滝上,44.17666666666667,143.06166666666667,00時24分,16.8
常呂,44.115,144.03666666666666,17時41分,18.1
遠軽,44.053333333333335,143.54,15時51分,17.3
佐呂間,44.01833333333333,143.76,11時35分,17.9
網走,44.016666666666666,144.27833333333334,21時01分,18.1
宇登呂,44.05166666666667,144.98166666666663,10時19分,19.1
白滝,43.865,143.15333333333334,00時11分,16.3
生田原,43.91666666666666,143.53166666666667,11時16分,17.8
北見,43.77666666666666,143.84166666666667,10時39分,18.9
女満別,43.88,144.16333333333333,10時22分,19.2
小清水,43.84166666666667,144.485,10時34分,19.7
斜里,43.885,144.7,10時25分,20.2
留辺蘂,43.74166666666667,143.45,10時05分,18.2
境野,43.70666666666666,143.64333333333337,11時26分,18.9
美幌,43.77,144.17166666666665,13時18分,19.4
津別,43.70166666666667,144.03333333333333,13時34分,19.7
羅臼,44.02333333333333,145.18666666666667,06時41分,18.0
標津,43.66166666666667,145.13166666666666,00時08分,19.1
上標津,43.52,144.74666666666667,00時13分,18.6
中標津,43.54333333333334,144.97833333333332,00時03分,18.9
根室中標津,43.57666666666667,144.96,00時02分,18.4
別海,43.38166666666667,145.11833333333334,00時06分,20.0
根室,43.33,145.585,00時03分,18.5
納沙布,43.39333333333333,145.75833333333333,00時08分,17.7
厚床,43.22166666666666,145.22666666666666,00時01分,20.2
川湯,43.61666666666667,144.45666666666668,08時54分,18.9
弟子屈,43.51,144.46666666666667,00時26分,19.4
阿寒湖畔,43.43666666666667,144.08333333333334,13時23分,19.9
標茶,43.29166666666666,144.58666666666667,00時06分,21.8
鶴居,43.23166666666667,144.325,00時09分,22.1
中徹別,43.19833333333333,144.14166666666668,00時01分,23.0
榊町,43.12,145.11,00時04分,21.3
鶴丘,43.04,144.19166666666666,00時04分,22.7
太田,43.09,144.77833333333334,00時12分,21.3
白糠,42.97,144.06166666666667,00時24分,23.4
釧路,42.985,144.3766666666667,00時16分,23.5
知方学,42.93833333333333,144.735,00時02分,21.1
陸別,43.47166666666666,143.75333333333333,14時04分,21.0
ぬかびら源泉郷,43.36666666666667,143.19166666666666,00時12分,21.1
上士幌,43.24166666666667,143.295,10時57分,20.0
足寄,43.24333333333333,143.55333333333334,13時37分,22.2
本別,43.13166666666667,143.6,00時01分,21.4
新得,43.07666666666667,142.84,00時01分,25.4
鹿追,43.10333333333333,142.995,00時03分,22.7
駒場,43.05,143.18333333333334,00時01分,21.9
芽室,42.9,143.04333333333332,00時02分,24.1
帯広,42.92166666666667,143.21166666666667,00時02分,23.9
池田,42.92,143.45833333333334,00時08分,22.8
浦幌,42.80833333333333,143.65666666666667,00時42分,25.0
帯広泉,42.73333333333333,143.21666666666667,00時01分,23.5
糠内,42.78666666666667,143.32833333333335,00時01分,22.4
上札内,42.641666666666666,143.09666666666666,00時35分,22.4
更別,42.65166666666666,143.195,00時14分,23.7
大津,42.68666666666667,143.64666666666668,01時11分,21.5
大樹,42.5,143.27333333333334,01時05分,23.8
広尾,42.29333333333334,143.31666666666666,00時57分,25.7
厚真,42.73,141.88833333333332,11時04分,30.7
穂別,42.76166666666667,142.14333333333337,10時59分,30.1
大滝,42.67,141.07833333333335,14時01分,27.5
森野,42.63,141.24666666666667,14時30分,30.2
苫小牧,42.623333333333335,141.54666666666665,11時55分,29.0
大岸,42.59,140.64333333333337,12時33分,31.1
白老,42.54333333333334,141.35166666666666,11時45分,29.3
鵡川,42.59,141.93333333333334,11時22分,29.2
伊達,42.475,140.84833333333333,11時15分,30.1
登別,42.458333333333336,141.11833333333334,13時46分,29.5
室蘭,42.31166666666667,140.975,10時51分,29.9
日高,42.876666666666665,142.44166666666666,11時48分,28.8
日高門別,42.49666666666667,142.05333333333334,10時18分,27.9
新和,42.54333333333334,142.33333333333334,11時02分,29.1
静内,42.34333333333333,142.36166666666668,14時10分,27.8
三石,42.245,142.66166666666666,13時58分,29.0
中杵臼,42.223333333333336,142.94833333333332,13時54分,28.9
浦河,42.16166666666667,142.77666666666667,13時38分,27.7
えりも岬,41.925,143.24333333333334,04時05分,24.0
長万部,42.52333333333333,140.38166666666666,15時41分,29.0
八雲,42.251666666666665,140.27166666666668,15時01分,31.7
森,42.06666666666667,140.58833333333334,10時22分,29.3
川汲,41.905,140.97,13時25分,30.9
北斗,41.88666666666667,140.65333333333334,15時16分,33.1
函館,41.81666666666667,140.75333333333333,15時19分,32.0
高松,41.77,140.82166666666666,13時30分,29.7
木古内,41.68,140.43666666666667,14時59分,33.5
松前,41.42333333333333,140.08666666666667,11時51分,30.3
熊石,42.12833333333333,139.985,13時30分,29.2
せたな,42.45,139.85166666666666,10時28分,28.3
今金,42.428333333333335,140.00833333333333,10時06分,28.8
奥尻,42.248333333333335,139.55666666666667,09時31分,28.6
米岡,42.071666666666665,139.43166666666667,12時32分,29.6
鶉,41.93,140.31166666666667,16時17分,29.5
江差,41.86666666666667,140.1233333333333,15時06分,28.8
大間,41.52666666666666,140.91166666666666,13時59分,30.2
むつ,41.28333333333333,141.21,13時18分,34.3
小田野沢,41.235,141.39666666666668,13時41分,34.1
今別,41.18,140.48166666666663,11時54分,32.0
脇野沢,41.145,140.82166666666666,13時55分,33.2
市浦,41.056666666666665,140.34666666666666,13時14分,31.2
蟹田,41.045,140.63333333333333,13時22分,33.2
五所川原,40.80833333333333,140.45833333333334,11時22分,34.6
青森,40.821666666666665,140.76833333333337,12時25分,35.6
野辺地,40.885,141.16,13時30分,31.0
六ケ所,40.885,141.27166666666668,11時54分,33.2
鰺ケ沢,40.77666666666666,140.205,11時10分,33.2
青森大谷,40.73333333333333,140.68833333333333,14時18分,33.8
深浦,40.645,139.93166666666667,13時13分,31.0
弘前,40.611666666666665,140.455,13時29分,35.0
黒石,40.66666666666666,140.585,14時35分,33.2
酸ケ湯,40.64833333333333,140.84833333333333,14時38分,27.1
三沢,40.675,141.375,13時04分,37.0
十和田,40.60666666666667,141.23333333333332,14時18分,34.8
八戸,40.52666666666666,141.52166666666668,13時00分,35.6
碇ケ関,40.48166666666667,140.62,13時22分,34.1
休屋,40.42666666666667,140.89833333333334,12時09分,31.7
三戸,40.38333333333333,141.25666666666666,13時46分,37.4
八森,40.41333333333333,139.94833333333332,12時47分,30.9
能代,40.19833333333333,140.03166666666667,14時48分,33.5
鷹巣,40.22666666666667,140.37166666666667,14時00分,34.6
大館,40.251666666666665,140.505,14時03分,34.9
鹿角,40.215,140.78666666666666,13時19分,33.5
脇神,40.19166666666667,140.37166666666667,12時21分,33.5
湯瀬,40.12,140.84,15時23分,33.2
八幡平,40.013333333333335,140.80166666666668,11時36分,30.8
男鹿,39.91166666666667,139.9,14時01分,31.4
大潟,40.0,139.95,14時07分,33.7
五城目,39.93833333333333,140.115,10時08分,32.7
阿仁合,39.99333333333333,140.40333333333334,13時20分,33.8
秋田,39.71666666666667,140.09833333333333,12時41分,34.4
岩見三内,39.70666666666666,140.28666666666666,13時23分,33.1
雄和,39.615,140.21833333333333,11時36分,34.6
角館,39.60333333333333,140.55666666666667,13時24分,35.3
田沢湖,39.69833333333333,140.73166666666663,12時07分,33.8
大正寺,39.52666666666666,140.23333333333332,13時52分,33.6
大曲,39.49,140.495,14時00分,34.5
本荘,39.36,140.055,13時16分,34.4
東由利,39.305,140.28833333333333,13時55分,35.5
横手,39.32,140.555,13時26分,35.8
にかほ,39.255,139.91333333333333,12時05分,32.8
矢島,39.235,140.13666666666666,12時04分,34.1
湯沢,39.18666666666667,140.46333333333334,14時31分,33.6
湯の岱,38.96,140.52833333333334,11時05分,33.1
種市,40.403333333333336,141.7,10時02分,34.3
軽米,40.325,141.46666666666667,14時46分,33.7
二戸,40.29833333333333,141.29833333333335,12時28分,34.1
山形,40.14833333333333,141.57166666666666,12時42分,34.3
久慈,40.16833333333334,141.7483333333333,10時38分,34.9
荒屋,40.10333333333333,141.05,13時28分,33.7
奥中山,40.06,141.225,13時18分,32.6
葛巻,40.04,141.45666666666668,13時31分,32.7
普代,40.00333333333333,141.88333333333333,15時04分,35.8
岩手松尾,39.95166666666667,141.065,13時13分,35.7
好摩,39.86833333333333,141.16666666666666,13時46分,34.5
岩泉,39.84666666666666,141.795,10時58分,36.1
小本,39.84666666666666,141.96333333333334,11時23分,34.8
薮川,39.78333333333333,141.32833333333335,12時31分,30.2
雫石,39.696666666666665,140.975,13時23分,34.5
盛岡,39.69833333333333,141.165,14時46分,36.4
区界,39.65,141.35333333333332,11時13分,29.6
宮古,39.64666666666667,141.965,12時56分,35.9
沢内,39.54833333333333,140.84333333333333,12時42分,32.0
紫波,39.54666666666667,141.1266666666667,16時25分,34.5
川井,39.598333333333336,141.68166666666667,11時33分,36.5
花巻,39.428333333333335,141.135,12時53分,36.0
大迫,39.47,141.27833333333334,13時43分,36.2
山田,39.45,141.95666666666668,10時45分,33.1
湯田,39.31,140.77666666666667,13時25分,34.4
遠野,39.33833333333333,141.54333333333332,13時12分,35.1
北上,39.28833333333333,141.11,13時01分,35.5
釜石,39.27,141.87833333333333,13時24分,37.2
若柳,39.14,141.06333333333333,11時59分,34.7
江刺,39.18333333333333,141.16166666666666,12時16分,36.3
住田,39.141666666666666,141.57333333333332,11時58分,35.0
大船渡,39.06333333333333,141.71333333333334,13時41分,33.6
一関,38.93333333333333,141.125,12時22分,37.1
千厩,38.92166666666667,141.33,12時56分,36.3
駒ノ湯,38.91333333333333,140.82833333333335,10時27分,30.7
気仙沼,38.906666666666666,141.55666666666667,12時55分,33.2
川渡,38.74333333333333,140.76,12時03分,35.6
築館,38.735,141.005,13時20分,35.9
米山,38.626666666666665,141.18833333333333,14時01分,35.0
志津川,38.681666666666665,141.44833333333332,13時41分,36.5
古川,38.598333333333336,140.91166666666666,12時42分,35.1
大衡,38.473333333333336,140.88833333333332,12時32分,35.3
鹿島台,38.46,141.09166666666667,12時43分,33.4
石巻,38.42666666666667,141.29833333333335,13時37分,32.7
女川,38.446666666666665,141.45,14時15分,35.3
新川,38.303333333333335,140.63666666666666,12時34分,34.9
塩釜,38.33833333333333,141.01333333333332,11時21分,35.3
仙台,38.26166666666666,140.89666666666668,11時23分,35.7
名取,38.138333333333335,140.91666666666666,10時34分,32.7
白石,38.015,140.61166666666668,12時34分,36.7
蔵王,38.126666666666665,140.68,11時48分,35.4
亘理,38.025,140.85833333333332,12時32分,31.4
丸森,37.931666666666665,140.77833333333334,13時41分,35.4
飛島,39.18333333333333,139.54333333333332,13時59分,34.0
酒田,38.90833333333333,139.84333333333333,10時28分,34.7
差首鍋,38.91833333333334,140.2,13時42分,34.3
浜中,38.81166666666667,139.78666666666666,09時53分,33.6
金山,38.87833333333333,140.33166666666668,14時37分,35.1
鶴岡,38.735,139.82833333333335,11時57分,35.2
狩川,38.8,139.97333333333333,13時37分,33.7
新庄,38.75666666666667,140.31166666666667,13時57分,35.9
向町,38.75833333333333,140.51666666666668,13時42分,35.4
肘折,38.60666666666667,140.16333333333333,16時46分,30.9
尾花沢,38.60833333333333,140.41166666666666,11時44分,33.9
鼠ケ関,38.56666666666667,139.55166666666668,12時40分,34.4
村山,38.46,140.34833333333333,12時00分,35.7
東根,38.41166666666667,140.37,12時09分,36.4
大井沢,38.39,139.99333333333334,11時45分,32.6
左沢,38.37,140.19166666666666,12時29分,35.0
山形,38.255,140.345,13時21分,36.5
長井,38.105,140.015,14時16分,34.7
小国,38.07833333333333,139.735,13時54分,35.0
高畠,38.00333333333333,140.20666666666668,14時44分,36.6
高峰,37.99,139.95333333333335,12時49分,35.7
米沢,37.91166666666667,140.14333333333337,14時51分,36.7
茂庭,37.891666666666666,140.43666666666667,13時37分,35.7
梁川,37.85166666666667,140.58833333333334,14時00分,40.0
桧原,37.72166666666666,140.05833333333334,12時44分,30.3
福島,37.75833333333333,140.47,13時50分,39.1
相馬,37.78333333333333,140.925,11時50分,34.8
喜多方,37.65833333333333,139.86333333333334,15時02分,37.2
鷲倉,37.66833333333334,140.26,14時49分,28.3
飯舘,37.665,140.72666666666666,12時24分,33.6
西会津,37.58833333333333,139.65666666666667,12時52分,35.3
猪苗代,37.55166666666667,140.10833333333332,15時21分,32.8
二本松,37.583333333333336,140.43,14時48分,37.3
金山,37.473333333333336,139.52833333333334,13時39分,34.0
若松,37.48833333333334,139.91,14時05分,38.3
船引,37.435,140.57666666666665,13時41分,34.3
浪江,37.49166666666667,140.965,12時47分,35.8
只見,37.34333333333333,139.31333333333333,12時41分,34.5
郡山,37.36833333333333,140.33,13時28分,36.6
川内,37.336666666666666,140.80833333333334,13時16分,34.5
南郷,37.265,139.53666666666666,13時22分,34.5
湯本,37.27666666666666,140.06333333333333,13時35分,31.3
玉川,37.22666666666667,140.42666666666668,14時25分,34.7
小野新町,37.28666666666667,140.625,13時18分,35.8
広野,37.23333333333333,141.0,16時57分,32.6
田島,37.20666666666666,139.795,13時35分,32.8
白河,37.13166666666667,140.215,14時06分,34.7
石川,37.14666666666667,140.46,13時48分,37.7
桧枝岐,37.01,139.375,12時50分,29.3
東白川,36.93833333333333,140.40833333333333,12時27分,36.4
山田,36.93333333333333,140.73333333333332,10時12分,33.6
小名浜,36.946666666666665,140.90333333333334,13時35分,30.8
北茨城,36.833333333333336,140.77166666666668,14時44分,30.9
大子,36.778333333333336,140.345,12時29分,36.8
常陸大宮,36.60666666666667,140.325,13時44分,34.6
日立,36.58,140.645,13時59分,31.9
笠間,36.395,140.24,13時11分,35.3
水戸,36.38,140.46666666666667,12時23分,36.0
古河,36.20166666666667,139.71666666666667,13時53分,37.2
下館,36.281666666666666,139.98833333333334,12時22分,35.7
下妻,36.16833333333334,139.945,11時07分,33.9
鉾田,36.16833333333334,140.52666666666667,12時55分,36.3
つくば,36.056666666666665,140.125,13時24分,35.6
土浦,36.10333333333333,140.22,12時33分,35.8
鹿嶋,35.96333333333333,140.62166666666667,11時54分,35.2
龍ケ崎,35.89,140.21166666666667,14時54分,34.5
那須高原,37.123333333333335,140.035,13時34分,30.9
五十里,36.92166666666667,139.695,12時29分,33.5
黒磯,36.98166666666667,140.01833333333337,13時32分,33.5
土呂部,36.891666666666666,139.56833333333333,12時32分,30.6
大田原,36.84,140.035,12時58分,36.4
奥日光,36.73833333333333,139.5,13時45分,26.6
日光東町,36.75,139.615,13時33分,33.0
塩谷,36.75666666666667,139.88333333333333,13時51分,33.9
那須烏山,36.641666666666666,140.11666666666667,15時27分,34.8
鹿沼,36.59166666666667,139.735,15時11分,35.7
宇都宮,36.54833333333333,139.86833333333334,14時31分,35.5
真岡,36.47666666666667,139.98666666666668,14時20分,36.6
佐野,36.36333333333334,139.57,14時36分,37.9
小山,36.33833333333333,139.83,13時25分,36.7
藤原,36.86333333333333,139.05833333333334,14時07分,32.1
みなかみ,36.77333333333333,138.965,13時33分,34.1
草津,36.61666666666667,138.59166666666667,12時38分,27.7
沼田,36.66833333333334,139.02166666666668,13時24分,35.1
中之条,36.586666666666666,138.85,13時24分,35.0
田代,36.46333333333333,138.46333333333334,11時30分,27.6
前橋,36.405,139.06,14時23分,37.3
桐生,36.41,139.325,14時00分,38.4
上里見,36.376666666666665,138.895,13時08分,35.9
伊勢崎,36.33166666666666,139.165,14時53分,38.0
西野牧,36.245,138.70666666666668,12時55分,34.3
館林,36.24,139.51333333333332,14時31分,38.0
神流,36.10833333333333,138.89666666666668,12時56分,32.1
寄居,36.105,139.18333333333334,13時30分,37.3
熊谷,36.15,139.38,13時51分,38.3
久喜,36.086666666666666,139.635,13時39分,37.6
秩父,35.99,139.07333333333332,12時24分,36.2
鳩山,35.985,139.335,13時00分,38.3
さいたま,35.875,139.58666666666667,12時45分,36.6
越谷,35.88333333333333,139.75666666666666,12時20分,37.5
所沢,35.77333333333333,139.41333333333333,12時06分,35.1
小河内,35.791666666666664,139.05,12時17分,33.6
青梅,35.788333333333334,139.31166666666667,11時46分,36.5
練馬,35.73833333333333,139.59166666666667,12時21分,36.1
八王子,35.666666666666664,139.31666666666666,12時24分,35.3
府中,35.68333333333333,139.48333333333332,12時51分,35.0
東京,35.69166666666667,139.75,11時19分,35.9
江戸川臨海,35.638333333333335,139.86333333333334,13時21分,31.5
羽田,35.553333333333335,139.78,10時09分,33.3
大島,34.748333333333335,139.36166666666668,12時22分,32.0
大島北ノ山,34.781666666666666,139.36,12時30分,32.8
新島,34.36833333333333,139.26833333333337,11時40分,32.1
神津島,34.18833333333333,139.13333333333333,10時41分,30.2
三宅島,34.123333333333335,139.52,13時52分,31.5
三宅坪田,34.07333333333333,139.56,12時19分,32.5
八重見ヶ原,33.115,139.785,13時14分,31.5
八丈島,33.12166666666667,139.77833333333334,11時57分,30.8
父島,27.091666666666665,142.19,10時55分,28.8
我孫子,35.86333333333333,140.11,13時39分,34.7
香取,35.858333333333334,140.5016666666667,12時26分,34.6
船橋,35.711666666666666,140.04333333333332,14時59分,33.7
佐倉,35.72833333333333,140.21166666666667,14時47分,35.6
成田,35.763333333333335,140.385,13時21分,36.0
銚子,35.73833333333333,140.85666666666663,10時58分,31.8
横芝光,35.655,140.505,10時14分,33.6
千葉,35.60166666666667,140.10333333333332,15時23分,34.4
茂原,35.43666666666667,140.29333333333332,13時10分,35.8
木更津,35.361666666666665,139.94,14時28分,34.7
牛久,35.39666666666667,140.14833333333334,12時37分,36.4
坂畑,35.235,140.09833333333333,13時09分,33.0
鴨川,35.111666666666665,140.1,11時00分,33.7
勝浦,35.15,140.31166666666667,10時33分,30.1
館山,34.986666666666665,139.865,11時36分,34.0
海老名,35.43333333333333,139.38666666666666,12時22分,33.7
横浜,35.43833333333333,139.65166666666667,11時38分,33.8
辻堂,35.32,139.45,14時39分,31.9
小田原,35.276666666666664,139.155,10時41分,35.1
三浦,35.178333333333335,139.63,12時19分,33.4
野沢温泉,36.91166666666667,138.44166666666666,13時12分,32.4
信濃町,36.80833333333333,138.19666666666666,12時38分,33.4
飯山,36.875,138.375,13時00分,35.0
白馬,36.69833333333333,137.86166666666668,14時14分,33.7
長野,36.66166666666667,138.19166666666666,14時05分,36.0
大町,36.52333333333333,137.83166666666668,14時21分,33.3
信州新町,36.54833333333333,137.99666666666667,15時41分,34.5
菅平,36.531666666666666,138.325,13時40分,28.2
上田,36.4,138.265,13時03分,36.9
穂高,36.34333333333333,137.88166666666666,15時15分,37.1
東御,36.38333333333333,138.38333333333333,14時49分,30.9
軽井沢,36.34166666666667,138.54666666666665,13時59分,29.0
松本,36.24666666666667,137.97,15時07分,36.0
松本今井,36.16666666666666,137.92166666666665,13時57分,34.7
立科,36.27166666666667,138.31333333333333,13時31分,34.6
佐久,36.24666666666667,138.47666666666666,14時26分,34.5
奈川,36.08833333333333,137.68333333333334,14時08分,32.8
諏訪,36.045,138.10833333333332,14時07分,32.5
開田高原,35.93833333333333,137.60166666666666,14時04分,30.2
木祖薮原,35.93666666666667,137.78666666666666,15時23分,32.4
辰野,35.983333333333334,137.98333333333332,15時30分,33.4
原村,35.97,138.22,13時44分,31.3
野辺山,35.94833333333333,138.47166666666666,15時34分,27.8
木曽福島,35.84,137.68833333333333,13時23分,33.7
伊那,35.825,137.955,15時49分,34.8
南木曽,35.61,137.62,15時28分,33.0
飯島,35.653333333333336,137.89833333333334,14時51分,32.5
飯田,35.52333333333333,137.82166666666666,15時41分,35.2
浪合,35.373333333333335,137.69166666666666,14時02分,30.2
南信濃,35.321666666666665,137.93166666666667,14時41分,35.5
大泉,35.861666666666665,138.38666666666666,15時13分,32.7
韮崎,35.693333333333335,138.44833333333332,14時25分,35.2
甲府,35.666666666666664,138.55333333333334,13時53分,37.3
勝沼,35.663333333333334,138.725,14時15分,37.2
大月,35.608333333333334,138.93833333333333,12時21分,36.4
古関,35.528333333333336,138.615,10時49分,33.8
切石,35.46666666666667,138.44166666666666,13時11分,34.5
河口湖,35.5,138.76,11時04分,31.3
山中,35.43666666666667,138.83666666666667,12時44分,30.2
南部,35.288333333333334,138.445,11時58分,33.7
井川,35.21666666666667,138.22166666666666,14時39分,30.9
御殿場,35.305,138.92666666666668,14時02分,32.1
富士,35.185,138.66333333333333,13時35分,33.2
三島,35.11333333333334,138.925,13時30分,34.6
熱海伊豆山,35.115,139.08333333333334,12時28分,34.0
佐久間,35.056666666666665,137.76166666666666,14時14分,35.4
川根本町,35.10166666666667,138.12833333333333,13時55分,34.8
清水,35.053333333333335,138.52166666666668,14時21分,33.7
網代,35.045,139.09166666666667,12時13分,33.3
静岡,34.975,138.40333333333334,13時49分,32.5
天竜,34.89,137.81333333333333,12時38分,34.6
浜松,34.75333333333333,137.71166666666667,13時42分,33.4
菊川牧之原,34.785,138.13833333333332,13時41分,32.8
静岡空港,34.795,138.18833333333333,14時27分,33.1
松崎,34.755,138.78333333333333,13時44分,34.9
稲取,34.781666666666666,139.04833333333335,13時22分,31.2
磐田,34.69166666666667,137.88,13時02分,32.4
御前崎,34.60333333333333,138.21333333333334,12時36分,32.5
石廊崎,34.60333333333333,138.84166666666667,13時56分,32.5
愛西,35.21666666666667,136.69833333333332,13時41分,35.1
稲武,35.211666666666666,137.50666666666666,14時25分,31.8
名古屋,35.166666666666664,136.965,14時04分,35.7
豊田,35.13166666666667,137.17666666666668,14時19分,37.0
大府,34.995,136.94333333333333,13時34分,34.6
岡崎,34.91833333333334,137.19333333333333,12時24分,34.2
新城,34.906666666666666,137.51833333333337,11時29分,33.2
セントレア,34.858333333333334,136.805,12時37分,33.8
蒲郡,34.845,137.21666666666667,12時12分,34.4
南知多,34.74,136.93833333333333,14時05分,33.1
豊橋,34.75,137.34166666666667,12時15分,32.6
伊良湖,34.62833333333333,137.09333333333333,13時36分,33.8
河合,36.305,137.1,15時53分,34.1
神岡,36.321666666666665,137.30833333333334,15時18分,33.9
白川,36.27333333333333,136.89666666666668,14時26分,34.2
栃尾,36.248333333333335,137.50333333333333,13時17分,32.3
高山,36.155,137.25333333333333,14時28分,35.2
六厩,36.06,137.035,14時23分,28.9
宮之前,36.015,137.38833333333332,14時23分,32.2
長滝,35.92333333333333,136.83166666666668,14時40分,33.0
萩原,35.888333333333335,137.20666666666668,17時05分,34.9
八幡,35.75666666666667,136.97833333333332,14時58分,34.9
宮地,35.763333333333335,137.28833333333333,15時56分,33.9
樽見,35.638333333333335,136.60166666666666,14時16分,34.2
金山,35.66166666666667,137.16,14時01分,35.4
美濃,35.555,136.91,14時53分,35.7
黒川,35.598333333333336,137.31833333333333,13時51分,33.3
揖斐川,35.485,136.56666666666666,14時30分,34.9
美濃加茂,35.445,137.005,13時37分,35.9
恵那,35.446666666666665,137.40333333333334,14時18分,35.4
中津川,35.47666666666667,137.48666666666668,14時37分,35.3
関ケ原,35.36333333333334,136.46666666666667,15時08分,34.4
大垣,35.346666666666664,136.62,13時46分,35.7
岐阜,35.4,136.76166666666666,14時33分,36.4
多治見,35.346666666666664,137.10833333333332,15時24分,36.5
桑名,35.05,136.69333333333333,13時47分,34.3
四日市,34.94,136.58,13時21分,33.4
亀山,34.87,136.45333333333335,15時10分,32.6
上野,34.76166666666667,136.14166666666668,13時32分,34.7
津,34.733333333333334,136.51833333333337,13時14分,33.9
小俣,34.528333333333336,136.665,12時54分,34.3
粥見,34.44833333333333,136.39,14時14分,33.6
鳥羽,34.48166666666667,136.825,10時30分,34.6
南伊勢,34.345,136.68166666666667,12時35分,33.3
紀伊長島,34.208333333333336,136.32666666666665,11時32分,33.5
尾鷲,34.068333333333335,136.19333333333333,13時26分,30.5
熊野新鹿,33.931666666666665,136.13833333333332,12時46分,32.8
粟島,38.465,139.25333333333333,11時42分,34.1
弾崎,38.33,138.51166666666666,12時06分,32.6
村上,38.22666666666667,139.47833333333332,12時16分,34.8
相川,38.028333333333336,138.24,11時46分,32.8
両津,38.07333333333333,138.44,13時46分,35.2
中条,38.07666666666667,139.38833333333332,10時09分,34.2
下関,38.09166666666667,139.56333333333333,12時08分,34.6
新潟,37.89333333333333,139.01833333333337,11時53分,35.2
松浜,37.955,139.11166666666668,09時37分,35.0
羽茂,37.84166666666667,138.31333333333333,13時25分,34.4
新津,37.79166666666666,139.08666666666667,13時35分,36.8
巻,37.76833333333333,138.91333333333333,11時42分,35.2
寺泊,37.64,138.76666666666668,12時15分,35.9
三条,37.64,138.955,12時12分,36.0
津川,37.67166666666667,139.44666666666666,11時57分,36.3
長岡,37.45,138.82333333333332,11時43分,35.2
柏崎,37.35166666666667,138.55333333333334,11時53分,33.4
守門,37.34666666666666,139.04333333333332,12時42分,34.9
大潟,37.225,138.325,11時50分,34.0
小出,37.22666666666667,138.96333333333334,12時48分,36.1
高田,37.10666666666667,138.24666666666667,13時04分,36.4
安塚,37.10666666666667,138.45666666666668,10時25分,34.3
十日町,37.14333333333333,138.72666666666666,12時29分,35.1
糸魚川,37.04333333333334,137.875,08時51分,34.5
能生,37.083333333333336,138.02333333333334,13時00分,32.7
関山,36.93333333333333,138.22166666666666,11時14分,33.6
津南,36.99666666666667,138.68333333333334,13時03分,33.0
湯沢,36.94166666666667,138.81,12時29分,35.8
朝日,36.93666666666667,137.56333333333333,13時07分,35.4
氷見,36.86333333333333,136.96,12時48分,35.9
魚津,36.821666666666665,137.42833333333334,13時33分,35.3
伏木,36.79166666666666,137.055,10時50分,35.9
富山,36.708333333333336,137.20166666666665,10時42分,37.5
砺波,36.61,136.955,13時12分,35.3
秋ヶ島,36.64833333333333,137.18666666666667,12時27分,37.2
上市,36.67,137.42333333333335,13時10分,34.7
南砺高宮,36.545,136.87166666666667,14時43分,34.9
八尾,36.57,137.15833333333333,13時20分,37.0
珠洲,37.446666666666665,137.28666666666666,13時33分,36.2
輪島,37.39,136.895,12時58分,37.4
三井,37.29333333333334,136.96166666666667,10時52分,34.0
志賀,37.14333333333333,136.725,17時06分,34.9
七尾,37.03,136.99166666666667,11時43分,36.1
羽咋,36.89333333333333,136.77666666666667,15時44分,34.1
かほく,36.711666666666666,136.69166666666666,12時22分,33.1
金沢,36.58833333333333,136.63333333333333,12時08分,35.6
小松,36.38166666666667,136.435,10時25分,35.3
白山河内,36.39666666666667,136.62,13時32分,34.6
加賀中津原,36.26166666666666,136.39666666666668,12時25分,36.5
三国,36.24333333333333,136.17333333333335,13時21分,39.5
春江,36.141666666666666,136.22333333333333,15時09分,38.0
越廼,36.01166666666666,135.99,16時00分,37.4
福井,36.055,136.22166666666666,14時02分,37.7
勝山,36.03833333333333,136.52166666666668,14時35分,35.3
大野,35.971666666666664,136.49666666666667,16時03分,35.0
今庄,35.766666666666666,136.2,14時36分,35.5
敦賀,35.653333333333336,136.06166666666667,15時02分,36.8
美浜,35.6,135.91666666666666,15時17分,37.0
小浜,35.483333333333334,135.78166666666667,15時07分,37.3
今津,35.41166666666667,136.02833333333334,14時52分,35.3
長浜,35.42333333333333,136.24166666666667,15時29分,35.1
米原,35.38333333333333,136.34333333333333,14時24分,32.8
南小松,35.235,135.95666666666668,16時01分,35.3
彦根,35.275,136.24333333333334,13時55分,37.3
東近江,35.06166666666667,136.19,13時52分,35.1
大津,34.99166666666667,135.91166666666666,13時57分,37.6
信楽,34.913333333333334,136.08,13時06分,32.8
土山,34.93833333333333,136.27833333333334,13時29分,32.8
間人,35.736666666666665,135.08666666666667,13時24分,36.5
宮津,35.55,135.235,12時17分,37.1
舞鶴,35.45,135.31666666666666,14時58分,39.0
福知山,35.31166666666667,135.11333333333334,15時41分,38.9
美山,35.275,135.55,14時30分,36.8
園部,35.108333333333334,135.455,13時15分,36.7
京都,35.013333333333335,135.73166666666663,13時38分,37.7
京田辺,34.83,135.76,13時53分,37.1
能勢,34.94833333333333,135.455,15時17分,35.4
枚方,34.80833333333333,135.67166666666665,14時12分,38.3
豊中,34.78333333333333,135.43833333333333,14時03分,38.7
大阪,34.681666666666665,135.51833333333337,13時43分,38.4
生駒山,34.675,135.67666666666668,13時04分,33.3
堺,34.555,135.485,11時53分,37.8
八尾,34.596666666666664,135.6,13時55分,38.0
関空島,34.43333333333333,135.23166666666663,14時16分,32.2
熊取,34.385,135.35,15時50分,34.6
香住,35.625,134.6266666666667,13時08分,32.9
豊岡,35.535,134.82166666666666,14時12分,39.4
兎和野高原,35.431666666666665,134.58333333333334,14時48分,32.5
和田山,35.32333333333333,134.84833333333333,15時42分,36.7
生野,35.166666666666664,134.79166666666666,15時19分,35.9
柏原,35.13666666666666,135.065,14時30分,37.6
一宮,35.096666666666664,134.585,15時34分,35.8
福崎,34.95,134.7483333333333,13時51分,37.3
西脇,34.998333333333335,134.99666666666667,13時20分,38.0
上郡,34.858333333333334,134.3733333333333,14時24分,34.7
姫路,34.83833333333333,134.67,13時08分,36.2
三田,34.895,135.21166666666667,14時54分,37.6
三木,34.776666666666664,135.01333333333332,13時38分,35.0
家島,34.67166666666667,134.52666666666667,13時00分,33.5
明石,34.68666666666667,134.8766666666667,12時29分,35.3
神戸空港,34.63166666666667,135.22333333333333,12時20分,35.3
神戸,34.696666666666665,135.21166666666667,13時23分,36.0
郡家,34.46666666666667,134.84833333333333,13時09分,37.0
洲本,34.31,134.84833333333333,11時08分,34.4
南淡,34.218333333333334,134.72,12時55分,33.1
奈良,34.67333333333333,135.83666666666667,13時48分,35.8
針,34.605,135.95166666666665,14時50分,32.8
大宇陀,34.48833333333334,135.93166666666667,13時29分,33.6
五條,34.38,135.73,15時54分,36.3
上北山,34.13666666666666,136.005,14時10分,31.4
風屋,34.045,135.78666666666666,13時58分,32.4
かつらぎ,34.31,135.52833333333334,13時54分,36.2
友ケ島,34.28,134.9983333333333,13時20分,34.7
和歌山,34.22833333333333,135.16333333333333,10時22分,34.4
高野山,34.221666666666664,135.59,15時01分,30.4
清水,34.086666666666666,135.425,15時00分,35.6
龍神,33.945,135.55666666666667,13時32分,31.4
川辺,33.89333333333333,135.21666666666667,11時34分,33.9
栗栖川,33.791666666666664,135.51333333333332,10時53分,34.0
新宮,33.68666666666667,135.97,13時36分,31.9
南紀白浜,33.66166666666667,135.36333333333334,12時05分,33.1
西川,33.638333333333335,135.71,11時57分,29.0
潮岬,33.45,135.75666666666666,13時35分,30.9
上長田,35.29666666666667,133.725,13時24分,32.4
千屋,35.10333333333333,133.435,15時38分,31.6
奈義,35.111666666666665,134.17,15時19分,33.7
今岡,35.098333333333336,134.325,14時05分,34.5
久世,35.068333333333335,133.75333333333333,15時38分,35.1
津山,35.06333333333333,134.00833333333333,14時38分,34.2
新見,34.943333333333335,133.51833333333337,15時33分,32.1
福渡,34.86666666666667,133.90333333333334,15時08分,34.2
和気,34.815,134.18333333333334,13時49分,32.9
高梁,34.791666666666664,133.61,15時16分,35.5
日応寺,34.75666666666667,133.855,15時27分,33.2
岡山,34.685,133.925,15時33分,35.4
虫明,34.681666666666665,134.20666666666668,14時07分,32.7
倉敷,34.59,133.76833333333337,15時03分,33.4
笠岡,34.501666666666665,133.495,16時09分,35.7
玉野,34.486666666666665,133.95,15時50分,32.9
高野,35.03333333333333,132.90166666666667,15時05分,31.4
三次,34.81166666666667,132.85,13時10分,34.4
庄原,34.86,133.02333333333334,13時28分,35.3
大朝,34.76833333333333,132.46333333333334,13時29分,34.8
油木,34.763333333333335,133.27833333333334,14時28分,32.0
加計,34.61,132.32,13時25分,36.1
三入,34.545,132.53,12時51分,35.6
世羅,34.583333333333336,133.05,12時44分,35.2
府中,34.56166666666667,133.23166666666663,12時51分,35.5
東広島,34.416666666666664,132.7,13時18分,33.3
本郷,34.435,132.91833333333332,11時50分,32.9
福山,34.446666666666665,133.24666666666667,12時26分,36.7
廿日市津田,34.365,132.19,14時57分,33.5
広島,34.39833333333333,132.46166666666667,12時21分,35.6
竹原,34.33,132.98166666666663,13時58分,32.4
生口島,34.278333333333336,133.1233333333333,13時23分,36.4
大竹,34.221666666666664,132.22,15時22分,35.3
呉,34.24,132.55,13時44分,34.7
呉市蒲刈,34.165,132.7483333333333,12時42分,34.0
西郷,36.20333333333333,133.33333333333334,11時42分,34.1
西郷岬,36.178333333333335,133.32333333333332,13時12分,33.4
海士,36.09666666666666,133.09666666666666,11時18分,34.9
鹿島,35.52,132.98333333333332,15時07分,36.3
斐川,35.413333333333334,132.89,12時42分,36.1
松江,35.45666666666666,133.065,14時39分,37.0
出雲,35.33166666666666,132.73,14時20分,37.2
大田,35.19,132.49666666666667,11時19分,36.2
掛合,35.196666666666665,132.815,13時19分,36.2
横田,35.17333333333333,133.10333333333332,12時53分,34.9
赤名,35.001666666666665,132.71166666666667,13時42分,32.9
川本,34.97666666666667,132.49166666666667,15時18分,36.9
浜田,34.89666666666667,132.07,12時05分,33.6
瑞穂,34.85333333333333,132.53,13時20分,35.2
弥栄,34.776666666666664,132.10833333333332,12時28分,34.8
高津,34.675,131.79,14時35分,32.5
益田,34.67666666666667,131.84333333333333,14時50分,34.8
津和野,34.461666666666666,131.77,12時17分,35.9
吉賀,34.391666666666666,131.89333333333337,12時36分,33.5
境,35.54333333333334,133.235,13時03分,37.8
塩津,35.52333333333333,133.56666666666666,14時42分,36.2
青谷,35.52,133.99666666666667,15時16分,34.9
湖山,35.53,134.165,14時14分,37.7
岩井,35.55833333333333,134.36,12時03分,36.2
米子,35.43333333333333,133.33833333333334,14時37分,38.0
倉吉,35.473333333333336,133.83833333333334,16時30分,35.8
鳥取,35.486666666666665,134.23833333333334,15時05分,38.3
智頭,35.263333333333335,134.24,13時46分,35.7
茶屋,35.18666666666667,133.23,15時10分,32.0
池田,34.02333333333333,133.795,12時49分,34.9
穴吹,34.04,134.15666666666667,11時26分,34.6
徳島,34.06666666666667,134.57333333333332,14時47分,34.0
京上,33.86666666666667,133.90333333333334,12時18分,30.5
蒲生田,33.836666666666666,134.74166666666667,14時13分,32.6
木頭,33.77166666666667,134.19833333333332,12時11分,29.3
日和佐,33.73166666666667,134.53833333333333,14時25分,31.4
海陽,33.611666666666665,134.355,15時01分,31.2
内海,34.471666666666664,134.27333333333334,13時11分,34.6
高松,34.318333333333335,134.05333333333334,14時23分,37.2
多度津,34.275,133.7516666666667,11時49分,32.7
滝宮,34.236666666666665,133.92333333333335,13時54分,36.5
香南,34.21333333333333,134.015,12時00分,33.9
引田,34.21333333333333,134.40666666666667,14時25分,34.6
財田,34.12,133.77166666666668,15時47分,35.0
大三島,34.25,133.00666666666666,12時14分,35.1
今治,34.053333333333335,132.975,16時14分,32.2
西条,33.915,133.08,14時07分,34.0
新居浜,33.93666666666667,133.33833333333334,15時12分,33.5
四国中央,33.98166666666667,133.58166666666668,14時17分,34.9
松山,33.843333333333334,132.77666666666667,12時42分,34.1
松山南吉田,33.82666666666667,132.69833333333332,10時59分,31.6
長浜,33.61666666666667,132.48,20時13分,29.8
久万,33.663333333333334,132.895,12時57分,32.9
大洲,33.50833333333333,132.535,12時38分,33.6
瀬戸,33.446666666666665,132.25666666666666,13時28分,34.4
宇和,33.36666666666667,132.50333333333333,12時18分,33.7
宇和島,33.22666666666667,132.55166666666668,10時55分,33.0
近永,33.25333333333333,132.675,12時07分,31.7
御荘,32.96333333333333,132.57,11時44分,32.9
本川,33.765,133.33833333333334,13時04分,26.8
本山,33.75333333333333,133.575,14時31分,32.3
大栃,33.69833333333333,133.875,12時19分,31.2
高知,33.56666666666667,133.54833333333335,12時50分,32.8
後免,33.59,133.64333333333337,15時23分,32.1
南国日章,33.545,133.66833333333332,13時26分,31.8
安芸,33.48833333333334,133.93333333333334,14時24分,32.1
梼原,33.39,132.92166666666665,13時54分,29.4
須崎,33.385,133.27666666666667,15時08分,31.4
窪川,33.20666666666666,133.12833333333333,13時41分,29.4
室戸岬,33.251666666666665,134.17666666666668,12時39分,30.0
江川崎,33.17,132.79166666666666,13時35分,32.0
佐賀,33.07833333333333,133.10166666666666,11時59分,31.2
宿毛,32.92,132.695,11時20分,33.2
中村,32.99,132.92,10時22分,31.1
清水,32.721666666666664,133.01,13時37分,31.5
須佐,34.615,131.6233333333333,14時45分,33.5
萩,34.41,131.405,13時10分,36.9
油谷,34.37,131.055,13時53分,35.2
徳佐,34.39833333333333,131.725,15時32分,34.2
秋吉台,34.235,131.30666666666667,15時22分,33.4
広瀬,34.26166666666666,131.95166666666665,15時52分,35.0
豊田,34.18666666666667,131.07666666666665,13時45分,33.6
山口,34.16166666666667,131.46166666666667,14時46分,35.9
岩国,34.155,132.17833333333334,11時29分,35.1
防府,34.04,131.53333333333333,15時22分,34.0
下松,34.01,131.87166666666667,14時23分,35.8
玖珂,34.095,132.075,15時50分,34.7
下関,33.94833333333333,130.925,14時57分,31.9
宇部,33.93,131.27833333333334,14時49分,31.7
柳井,33.958333333333336,132.11333333333334,13時47分,34.4
安下庄,33.903333333333336,132.29333333333332,14時51分,33.4
宗像,33.80833333333333,130.53833333333333,11時26分,34.9
八幡,33.85166666666667,130.74333333333334,15時13分,33.6
空港北町,33.845,131.035,14時10分,31.2
行橋,33.71333333333333,130.975,13時35分,32.8
飯塚,33.651666666666664,130.69333333333333,14時57分,34.0
前原,33.56,130.19,16時29分,36.5
福岡,33.58166666666666,130.375,14時50分,36.5
博多,33.583333333333336,130.45166666666665,15時22分,35.5
太宰府,33.49666666666667,130.49,13時04分,37.5
添田,33.55833333333333,130.855,12時54分,34.3
朝倉,33.406666666666666,130.695,14時22分,35.9
久留米,33.303333333333335,130.49333333333334,12時41分,38.2
黒木,33.225,130.645,14時50分,36.4
大牟田,33.00666666666667,130.46666666666667,15時02分,36.5
国見,33.678333333333335,131.575,13時36分,31.7
中津,33.586666666666666,131.245,14時45分,34.9
豊後高田,33.57,131.43333333333334,14時44分,33.7
院内,33.42,131.31666666666666,13時55分,32.0
杵築,33.416666666666664,131.59666666666666,13時49分,30.6
武蔵,33.47833333333333,131.73666666666668,15時15分,28.2
日田,33.321666666666665,130.92833333333334,14時27分,38.1
玖珠,33.291666666666664,131.155,12時37分,35.2
湯布院,33.25333333333333,131.34666666666666,14時08分,30.8
大分,33.235,131.61833333333334,15時45分,33.3
犬飼,33.065,131.63166666666666,13時04分,32.8
竹田,32.973333333333336,131.39833333333334,15時04分,31.9
佐伯,32.95,131.90166666666667,15時51分,31.9
宇目,32.845,131.675,12時02分,30.9
蒲江,32.795,131.92333333333335,15時09分,31.2
鰐浦,34.69833333333333,129.445,10時33分,32.3
厳原,34.196666666666665,129.29166666666666,14時38分,33.3
美津島,34.285,129.33,13時55分,32.3
芦辺,33.8,129.72166666666666,12時52分,34.6
石田,33.748333333333335,129.785,14時37分,32.7
平戸,33.36,129.55,14時57分,32.8
松浦,33.34166666666667,129.71166666666667,16時10分,34.3
佐世保,33.15833333333333,129.72666666666666,15時08分,38.0
西海,33.013333333333335,129.65166666666667,14時45分,36.2
有川,32.98166666666667,129.11833333333334,13時26分,34.0
大村,32.916666666666664,129.91333333333333,13時33分,36.4
長崎,32.733333333333334,129.86666666666667,13時40分,36.7
雲仙岳,32.736666666666665,130.26166666666666,13時41分,32.6
島原,32.76,130.36166666666668,15時51分,37.7
福江,32.693333333333335,128.82666666666665,13時35分,35.1
上大津,32.665,128.83166666666668,15時01分,34.3
口之津,32.611666666666665,130.19333333333333,14時15分,38.1
脇岬,32.58166666666666,129.77666666666667,14時14分,36.2
唐津,33.458333333333336,129.955,14時23分,34.7
伊万里,33.266666666666666,129.87833333333333,14時39分,36.6
佐賀,33.265,130.305,14時48分,38.2
嬉野,33.11666666666667,129.995,15時33分,38.4
白石,33.18333333333333,130.14833333333334,15時06分,38.3
川副,33.14833333333333,130.30166666666668,16時01分,36.4
鹿北,33.115,130.69166666666666,14時45分,36.4
南小国,33.10333333333333,131.06666666666666,13時13分,33.2
岱明,32.915,130.51166666666666,14時30分,38.0
菊池,32.945,130.78166666666667,13時43分,36.4
阿蘇乙姫,32.946666666666665,131.04,12時49分,31.2
熊本,32.81333333333333,130.70666666666668,11時51分,36.2
益城,32.836666666666666,130.855,13時26分,35.2
南阿蘇,32.83166666666666,131.01333333333332,13時39分,31.9
高森,32.821666666666665,131.125,13時04分,31.0
三角,32.611666666666665,130.47833333333332,13時11分,37.6
甲佐,32.67166666666667,130.81666666666666,14時45分,36.6
松島,32.515,130.44666666666666,14時15分,36.3
本渡,32.468333333333334,130.18,14時53分,36.5
八代,32.473333333333336,130.60666666666663,12時51分,37.1
水俣,32.205,130.40666666666667,14時14分,36.0
人吉,32.21666666666667,130.755,12時42分,33.3
上,32.225,130.905,11時34分,33.9
牛深,32.196666666666665,130.02666666666667,13時19分,36.6
高千穂,32.711666666666666,131.29,12時07分,30.3
古江,32.711666666666666,131.82,14時38分,31.7
鞍岡,32.64333333333333,131.15666666666667,15時39分,29.0
延岡,32.58166666666666,131.65666666666667,14時40分,31.5
日向,32.40833333333333,131.6,14時07分,32.0
神門,32.385,131.33166666666668,14時19分,31.2
西米良,32.24,131.15166666666667,14時50分,28.8
高鍋,32.123333333333335,131.475,11時42分,29.8
加久藤,32.04666666666667,130.81,11時40分,30.9
西都,32.06333333333333,131.41333333333333,15時39分,30.0
小林,32.0,130.95333333333335,09時50分,28.0
宮崎,31.938333333333333,131.41333333333333,10時14分,29.8
田野,31.843333333333334,131.30833333333334,14時52分,27.9
赤江,31.876666666666665,131.44833333333332,10時26分,29.5
都城,31.73,131.08166666666668,16時19分,30.0
油津,31.578333333333333,131.40666666666667,10時18分,29.2
串間,31.465,131.22,15時57分,28.8
阿久根,32.026666666666664,130.2,12時17分,35.0
大口,32.04666666666667,130.6266666666667,10時15分,31.1
さつま柏原,31.916666666666668,130.455,09時56分,32.8
中甑,31.835,129.86666666666667,10時37分,33.3
川内,31.83333333333333,130.315,09時51分,32.6
溝辺,31.80333333333333,130.71833333333333,09時22分,29.1
東市来,31.668333333333333,130.32833333333335,13時15分,32.1
牧之原,31.661666666666665,130.84333333333333,09時07分,27.9
鹿児島,31.555,130.54666666666665,12時41分,33.3
輝北,31.58833333333333,130.855,14時33分,27.0
加世田,31.415,130.325,12時11分,32.7
志布志,31.47833333333333,131.095,13時50分,30.8
喜入,31.386666666666667,130.54,14時46分,30.9
鹿屋,31.391666666666666,130.86333333333334,15時02分,30.4
肝付前田,31.34,130.93833333333333,14時48分,29.0
枕崎,31.27166666666667,130.29166666666666,11時54分,32.0
指宿,31.25,130.63666666666666,10時59分,30.6
内之浦,31.276666666666667,131.055,13時57分,29.3
田代,31.19833333333333,130.84333333333333,12時16分,29.3
種子島,30.72,130.98166666666663,11時16分,30.5
中種子,30.605,130.99166666666667,11時10分,27.9
上中,30.406666666666663,130.90166666666667,10時33分,28.4
屋久島,30.385,130.65833333333333,09時59分,30.0
尾之間,30.235,130.555,09時33分,29.3
中之島,29.84,129.86666666666667,11時19分,27.0
笠利,28.43,129.71166666666667,05時40分,28.3
名瀬,28.37833333333333,129.495,04時01分,28.3
喜界島,28.32,129.92666666666668,05時54分,28.2
古仁屋,28.14333333333333,129.315,04時10分,28.3
天城,27.835,128.88,02時49分,28.4
伊仙,27.676666666666662,128.97333333333333,00時55分,27.8
沖永良部,27.431666666666665,128.705,02時02分,27.8
与論島,27.043333333333333,128.40166666666667,02時54分,27.3
伊是名,26.94833333333333,127.94,01時09分,27.0
奥,26.835,128.27166666666668,01時13分,25.6
名護,26.593333333333334,127.965,01時48分,28.1
北原,26.363333333333333,126.71333333333334,23時37分,26.5
久米島,26.336666666666662,126.80333333333331,23時45分,26.5
宮城島,26.363333333333333,127.97166666666666,,
渡嘉敷,26.21,127.36333333333332,24時00分,25.0
那覇,26.206666666666667,127.68666666666668,00時21分,27.5
安次嶺,26.19333333333333,127.63833333333334,00時17分,27.3
糸数,26.15333333333333,127.765,00時17分,26.3
北大東,25.94333333333333,131.32666666666665,10時18分,29.9
南大東,25.828333333333333,131.22833333333332,13時37分,28.7
旧東,25.846666666666668,131.26333333333332,09時58分,29.4
下地島,24.826666666666668,125.14333333333332,16時21分,30.3
宮古島,24.793333333333333,125.27833333333334,16時29分,30.8
鏡原,24.781666666666663,125.295,15時22分,30.6
仲筋,24.65333333333333,124.675,16時27分,30.4
伊原間,24.506666666666668,124.28,13時12分,33.0
所野,24.466666666666665,122.97833333333334,14時00分,34.6
与那国島,24.466666666666665,123.01,14時05分,33.8
西表島,24.426666666666662,123.765,12時53分,32.9
石垣島,24.336666666666662,124.16333333333333,13時39分,34.3
盛山,24.395,124.245,13時30分,32.9
大原,24.265,123.87166666666668,13時06分,33.5
波照間,24.055,123.76666666666668,12時29分,33.4
